image,class,edge_density
agricultural_agricultural00.png,agricultural_agricultural,0.3221893310546875
agricultural_agricultural01.png,agricultural_agricultural,0.3216705322265625
agricultural_agricultural02.png,agricultural_agricultural,0.341094970703125
agricultural_agricultural03.png,agricultural_agricultural,0.3158416748046875
agricultural_agricultural04.png,agricultural_agricultural,0.192779541015625
agricultural_agricultural05.png,agricultural_agricultural,0.353851318359375
agricultural_agricultural06.png,agricultural_agricultural,0.34124755859375
agricultural_agricultural07.png,agricultural_agricultural,0.3700408935546875
agricultural_agricultural08.png,agricultural_agricultural,0.3979034423828125
agricultural_agricultural09.png,agricultural_agricultural,0.395599365234375
agricultural_agricultural10.png,agricultural_agricultural,0.19476318359375
agricultural_agricultural11.png,agricultural_agricultural,0.023712158203125
agricultural_agricultural12.png,agricultural_agricultural,0.187469482421875
agricultural_agricultural13.png,agricultural_agricultural,0.350433349609375
agricultural_agricultural14.png,agricultural_agricultural,0.3934478759765625
agricultural_agricultural15.png,agricultural_agricultural,0.3591461181640625
agricultural_agricultural16.png,agricultural_agricultural,0.248016357421875
agricultural_agricultural17.png,agricultural_agricultural,0.296417236328125
agricultural_agricultural18.png,agricultural_agricultural,0.3438720703125
agricultural_agricultural19.png,agricultural_agricultural,0.130828857421875
agricultural_agricultural20.png,agricultural_agricultural,0.3738555908203125
agricultural_agricultural21.png,agricultural_agricultural,0.3339385986328125
agricultural_agricultural22.png,agricultural_agricultural,0.31640625
agricultural_agricultural23.png,agricultural_agricultural,0.356292724609375
agricultural_agricultural24.png,agricultural_agricultural,0.3518218994140625
agricultural_agricultural25.png,agricultural_agricultural,0.33203125
agricultural_agricultural26.png,agricultural_agricultural,0.150360107421875
agricultural_agricultural27.png,agricultural_agricultural,0.255645751953125
agricultural_agricultural28.png,agricultural_agricultural,0.2447357177734375
agricultural_agricultural29.png,agricultural_agricultural,0.30157470703125
agricultural_agricultural30.png,agricultural_agricultural,0.1418609619140625
agricultural_agricultural31.png,agricultural_agricultural,0.2006683349609375
agricultural_agricultural32.png,agricultural_agricultural,0.0348052978515625
agricultural_agricultural33.png,agricultural_agricultural,0.0228271484375
agricultural_agricultural34.png,agricultural_agricultural,0.2685546875
agricultural_agricultural35.png,agricultural_agricultural,0.1790313720703125
agricultural_agricultural36.png,agricultural_agricultural,0.171722412109375
agricultural_agricultural37.png,agricultural_agricultural,0.0908050537109375
agricultural_agricultural38.png,agricultural_agricultural,0.03857421875
agricultural_agricultural39.png,agricultural_agricultural,0.087066650390625
agricultural_agricultural40.png,agricultural_agricultural,0.0
agricultural_agricultural41.png,agricultural_agricultural,0.0302734375
agricultural_agricultural42.png,agricultural_agricultural,0.1575164794921875
agricultural_agricultural43.png,agricultural_agricultural,0.12158203125
agricultural_agricultural44.png,agricultural_agricultural,0.0777435302734375
agricultural_agricultural45.png,agricultural_agricultural,0.0245208740234375
agricultural_agricultural46.png,agricultural_agricultural,0.1319122314453125
agricultural_agricultural47.png,agricultural_agricultural,0.029296875
agricultural_agricultural48.png,agricultural_agricultural,0.0382843017578125
agricultural_agricultural49.png,agricultural_agricultural,0.0040740966796875
agricultural_agricultural50.png,agricultural_agricultural,0.0309600830078125
agricultural_agricultural51.png,agricultural_agricultural,0.0177764892578125
agricultural_agricultural52.png,agricultural_agricultural,0.0291748046875
agricultural_agricultural53.png,agricultural_agricultural,0.0824127197265625
agricultural_agricultural54.png,agricultural_agricultural,0.0230865478515625
agricultural_agricultural55.png,agricultural_agricultural,0.0007476806640625
agricultural_agricultural56.png,agricultural_agricultural,0.010040283203125
agricultural_agricultural57.png,agricultural_agricultural,0.0677032470703125
agricultural_agricultural58.png,agricultural_agricultural,0.022552490234375
agricultural_agricultural59.png,agricultural_agricultural,0.0434112548828125
agricultural_agricultural60.png,agricultural_agricultural,0.1204986572265625
agricultural_agricultural61.png,agricultural_agricultural,0.3040924072265625
agricultural_agricultural62.png,agricultural_agricultural,0.3694610595703125
agricultural_agricultural63.png,agricultural_agricultural,0.0171966552734375
agricultural_agricultural64.png,agricultural_agricultural,0.0069580078125
agricultural_agricultural65.png,agricultural_agricultural,0.193328857421875
agricultural_agricultural66.png,agricultural_agricultural,0.383880615234375
agricultural_agricultural67.png,agricultural_agricultural,0.40020751953125
agricultural_agricultural68.png,agricultural_agricultural,0.4000091552734375
agricultural_agricultural69.png,agricultural_agricultural,0.3995361328125
agricultural_agricultural70.png,agricultural_agricultural,0.3956451416015625
agricultural_agricultural71.png,agricultural_agricultural,0.400604248046875
agricultural_agricultural72.png,agricultural_agricultural,0.39923095703125
agricultural_agricultural73.png,agricultural_agricultural,0.272552490234375
agricultural_agricultural74.png,agricultural_agricultural,0.067718505859375
agricultural_agricultural75.png,agricultural_agricultural,0.0
agricultural_agricultural76.png,agricultural_agricultural,0.177459716796875
agricultural_agricultural77.png,agricultural_agricultural,0.28173828125
agricultural_agricultural78.png,agricultural_agricultural,0.0001373291015625
agricultural_agricultural79.png,agricultural_agricultural,0.2173309326171875
agricultural_agricultural80.png,agricultural_agricultural,0.346160888671875
agricultural_agricultural81.png,agricultural_agricultural,0.3376312255859375
agricultural_agricultural82.png,agricultural_agricultural,0.3247528076171875
agricultural_agricultural83.png,agricultural_agricultural,0.318511962890625
agricultural_agricultural84.png,agricultural_agricultural,0.3730621337890625
agricultural_agricultural85.png,agricultural_agricultural,0.37371826171875
agricultural_agricultural86.png,agricultural_agricultural,0.0949554443359375
agricultural_agricultural87.png,agricultural_agricultural,0.2147064208984375
agricultural_agricultural88.png,agricultural_agricultural,0.223724365234375
agricultural_agricultural89.png,agricultural_agricultural,0.1681671142578125
agricultural_agricultural90.png,agricultural_agricultural,0.3007965087890625
agricultural_agricultural91.png,agricultural_agricultural,0.004547119140625
agricultural_agricultural92.png,agricultural_agricultural,0.3296661376953125
agricultural_agricultural93.png,agricultural_agricultural,0.07342529296875
agricultural_agricultural94.png,agricultural_agricultural,0.35955810546875
agricultural_agricultural95.png,agricultural_agricultural,0.057403564453125
agricultural_agricultural96.png,agricultural_agricultural,0.2938995361328125
agricultural_agricultural97.png,agricultural_agricultural,0.338653564453125
agricultural_agricultural98.png,agricultural_agricultural,0.228424072265625
agricultural_agricultural99.png,agricultural_agricultural,0.26031494140625
airplane_airplane00.png,airplane_airplane,0.0500335693359375
airplane_airplane01.png,airplane_airplane,0.0351409912109375
airplane_airplane02.png,airplane_airplane,0.0351409912109375
airplane_airplane03.png,airplane_airplane,0.07525634765625
airplane_airplane04.png,airplane_airplane,0.0690765380859375
airplane_airplane05.png,airplane_airplane,0.04901123046875
airplane_airplane06.png,airplane_airplane,0.077056884765625
airplane_airplane07.png,airplane_airplane,0.06121826171875
airplane_airplane08.png,airplane_airplane,0.076812744140625
airplane_airplane09.png,airplane_airplane,0.0769500732421875
airplane_airplane10.png,airplane_airplane,0.08233642578125
airplane_airplane11.png,airplane_airplane,0.0802001953125
airplane_airplane12.png,airplane_airplane,0.0495452880859375
airplane_airplane13.png,airplane_airplane,0.0644683837890625
airplane_airplane14.png,airplane_airplane,0.0574798583984375
airplane_airplane15.png,airplane_airplane,0.0618743896484375
airplane_airplane16.png,airplane_airplane,0.090423583984375
airplane_airplane17.png,airplane_airplane,0.112945556640625
airplane_airplane18.png,airplane_airplane,0.0923614501953125
airplane_airplane19.png,airplane_airplane,0.060577392578125
airplane_airplane20.png,airplane_airplane,0.0806427001953125
airplane_airplane21.png,airplane_airplane,0.098724365234375
airplane_airplane22.png,airplane_airplane,0.0654449462890625
airplane_airplane23.png,airplane_airplane,0.0878753662109375
airplane_airplane24.png,airplane_airplane,0.0691070556640625
airplane_airplane25.png,airplane_airplane,0.0615234375
airplane_airplane26.png,airplane_airplane,0.104644775390625
airplane_airplane27.png,airplane_airplane,0.0939178466796875
airplane_airplane28.png,airplane_airplane,0.0951385498046875
airplane_airplane29.png,airplane_airplane,0.0911712646484375
airplane_airplane30.png,airplane_airplane,0.094146728515625
airplane_airplane31.png,airplane_airplane,0.0514373779296875
airplane_airplane32.png,airplane_airplane,0.0720367431640625
airplane_airplane33.png,airplane_airplane,0.0515594482421875
airplane_airplane34.png,airplane_airplane,0.093780517578125
airplane_airplane35.png,airplane_airplane,0.0592803955078125
airplane_airplane36.png,airplane_airplane,0.0485992431640625
airplane_airplane37.png,airplane_airplane,0.0596923828125
airplane_airplane38.png,airplane_airplane,0.0617828369140625
airplane_airplane39.png,airplane_airplane,0.0634613037109375
airplane_airplane40.png,airplane_airplane,0.0612335205078125
airplane_airplane41.png,airplane_airplane,0.097625732421875
airplane_airplane42.png,airplane_airplane,0.0735015869140625
airplane_airplane43.png,airplane_airplane,0.0849456787109375
airplane_airplane44.png,airplane_airplane,0.0197601318359375
airplane_airplane45.png,airplane_airplane,0.067840576171875
airplane_airplane46.png,airplane_airplane,0.0810394287109375
airplane_airplane47.png,airplane_airplane,0.1013031005859375
airplane_airplane48.png,airplane_airplane,0.1454315185546875
airplane_airplane49.png,airplane_airplane,0.1497802734375
airplane_airplane50.png,airplane_airplane,0.1245269775390625
airplane_airplane51.png,airplane_airplane,0.0996246337890625
airplane_airplane52.png,airplane_airplane,0.0817108154296875
airplane_airplane53.png,airplane_airplane,0.1109619140625
airplane_airplane54.png,airplane_airplane,0.088104248046875
airplane_airplane55.png,airplane_airplane,0.119964599609375
airplane_airplane56.png,airplane_airplane,0.0579376220703125
airplane_airplane57.png,airplane_airplane,0.0631256103515625
airplane_airplane58.png,airplane_airplane,0.023712158203125
airplane_airplane59.png,airplane_airplane,0.116119384765625
airplane_airplane60.png,airplane_airplane,0.1061859130859375
airplane_airplane61.png,airplane_airplane,0.1172943115234375
airplane_airplane62.png,airplane_airplane,0.11322021484375
airplane_airplane63.png,airplane_airplane,0.1192169189453125
airplane_airplane64.png,airplane_airplane,0.11102294921875
airplane_airplane65.png,airplane_airplane,0.1304168701171875
airplane_airplane66.png,airplane_airplane,0.170654296875
airplane_airplane67.png,airplane_airplane,0.14501953125
airplane_airplane68.png,airplane_airplane,0.118316650390625
airplane_airplane69.png,airplane_airplane,0.109619140625
airplane_airplane70.png,airplane_airplane,0.1136932373046875
airplane_airplane71.png,airplane_airplane,0.1170806884765625
airplane_airplane72.png,airplane_airplane,0.040008544921875
airplane_airplane73.png,airplane_airplane,0.0764617919921875
airplane_airplane74.png,airplane_airplane,0.0900421142578125
airplane_airplane75.png,airplane_airplane,0.082489013671875
airplane_airplane76.png,airplane_airplane,0.0963592529296875
airplane_airplane77.png,airplane_airplane,0.065704345703125
airplane_airplane78.png,airplane_airplane,0.0927886962890625
airplane_airplane79.png,airplane_airplane,0.061859130859375
airplane_airplane80.png,airplane_airplane,0.0503082275390625
airplane_airplane81.png,airplane_airplane,0.07421875
airplane_airplane82.png,airplane_airplane,0.07440185546875
airplane_airplane83.png,airplane_airplane,0.058319091796875
airplane_airplane84.png,airplane_airplane,0.0749664306640625
airplane_airplane85.png,airplane_airplane,0.064483642578125
airplane_airplane86.png,airplane_airplane,0.0794219970703125
airplane_airplane87.png,airplane_airplane,0.138702392578125
airplane_airplane88.png,airplane_airplane,0.083343505859375
airplane_airplane89.png,airplane_airplane,0.0424957275390625
airplane_airplane90.png,airplane_airplane,0.079315185546875
airplane_airplane91.png,airplane_airplane,0.0612030029296875
airplane_airplane92.png,airplane_airplane,0.0337066650390625
airplane_airplane93.png,airplane_airplane,0.0355072021484375
airplane_airplane94.png,airplane_airplane,0.0467987060546875
airplane_airplane95.png,airplane_airplane,0.055267333984375
airplane_airplane96.png,airplane_airplane,0.108856201171875
airplane_airplane97.png,airplane_airplane,0.1104736328125
airplane_airplane98.png,airplane_airplane,0.0756072998046875
airplane_airplane99.png,airplane_airplane,0.1142730712890625
baseballdiamond_baseballdiamond00.png,baseballdiamond_baseballdiamond,0.04156494140625
baseballdiamond_baseballdiamond01.png,baseballdiamond_baseballdiamond,0.0417633056640625
baseballdiamond_baseballdiamond02.png,baseballdiamond_baseballdiamond,0.043365478515625
baseballdiamond_baseballdiamond03.png,baseballdiamond_baseballdiamond,0.039154052734375
baseballdiamond_baseballdiamond04.png,baseballdiamond_baseballdiamond,0.0368194580078125
baseballdiamond_baseballdiamond05.png,baseballdiamond_baseballdiamond,0.0581512451171875
baseballdiamond_baseballdiamond06.png,baseballdiamond_baseballdiamond,0.030792236328125
baseballdiamond_baseballdiamond07.png,baseballdiamond_baseballdiamond,0.025238037109375
baseballdiamond_baseballdiamond08.png,baseballdiamond_baseballdiamond,0.0359344482421875
baseballdiamond_baseballdiamond09.png,baseballdiamond_baseballdiamond,0.023773193359375
baseballdiamond_baseballdiamond10.png,baseballdiamond_baseballdiamond,0.0374603271484375
baseballdiamond_baseballdiamond11.png,baseballdiamond_baseballdiamond,0.0113983154296875
baseballdiamond_baseballdiamond12.png,baseballdiamond_baseballdiamond,0.0852508544921875
baseballdiamond_baseballdiamond13.png,baseballdiamond_baseballdiamond,0.0534820556640625
baseballdiamond_baseballdiamond14.png,baseballdiamond_baseballdiamond,0.0476531982421875
baseballdiamond_baseballdiamond15.png,baseballdiamond_baseballdiamond,0.067779541015625
baseballdiamond_baseballdiamond16.png,baseballdiamond_baseballdiamond,0.068572998046875
baseballdiamond_baseballdiamond17.png,baseballdiamond_baseballdiamond,0.0809783935546875
baseballdiamond_baseballdiamond18.png,baseballdiamond_baseballdiamond,0.059600830078125
baseballdiamond_baseballdiamond19.png,baseballdiamond_baseballdiamond,0.111541748046875
baseballdiamond_baseballdiamond20.png,baseballdiamond_baseballdiamond,0.0950164794921875
baseballdiamond_baseballdiamond21.png,baseballdiamond_baseballdiamond,0.03948974609375
baseballdiamond_baseballdiamond22.png,baseballdiamond_baseballdiamond,0.0431365966796875
baseballdiamond_baseballdiamond23.png,baseballdiamond_baseballdiamond,0.0308685302734375
baseballdiamond_baseballdiamond24.png,baseballdiamond_baseballdiamond,0.020965576171875
baseballdiamond_baseballdiamond25.png,baseballdiamond_baseballdiamond,0.0451202392578125
baseballdiamond_baseballdiamond26.png,baseballdiamond_baseballdiamond,0.035614013671875
baseballdiamond_baseballdiamond27.png,baseballdiamond_baseballdiamond,0.031646728515625
baseballdiamond_baseballdiamond28.png,baseballdiamond_baseballdiamond,0.0472259521484375
baseballdiamond_baseballdiamond29.png,baseballdiamond_baseballdiamond,0.0341644287109375
baseballdiamond_baseballdiamond30.png,baseballdiamond_baseballdiamond,0.024627685546875
baseballdiamond_baseballdiamond31.png,baseballdiamond_baseballdiamond,0.076751708984375
baseballdiamond_baseballdiamond32.png,baseballdiamond_baseballdiamond,0.033203125
baseballdiamond_baseballdiamond33.png,baseballdiamond_baseballdiamond,0.0263671875
baseballdiamond_baseballdiamond34.png,baseballdiamond_baseballdiamond,0.019287109375
baseballdiamond_baseballdiamond35.png,baseballdiamond_baseballdiamond,0.0504150390625
baseballdiamond_baseballdiamond36.png,baseballdiamond_baseballdiamond,0.0587310791015625
baseballdiamond_baseballdiamond37.png,baseballdiamond_baseballdiamond,0.08990478515625
baseballdiamond_baseballdiamond38.png,baseballdiamond_baseballdiamond,0.0893402099609375
baseballdiamond_baseballdiamond39.png,baseballdiamond_baseballdiamond,0.08990478515625
baseballdiamond_baseballdiamond40.png,baseballdiamond_baseballdiamond,0.0790863037109375
baseballdiamond_baseballdiamond41.png,baseballdiamond_baseballdiamond,0.0432281494140625
baseballdiamond_baseballdiamond42.png,baseballdiamond_baseballdiamond,0.0422210693359375
baseballdiamond_baseballdiamond43.png,baseballdiamond_baseballdiamond,0.087890625
baseballdiamond_baseballdiamond44.png,baseballdiamond_baseballdiamond,0.087188720703125
baseballdiamond_baseballdiamond45.png,baseballdiamond_baseballdiamond,0.060302734375
baseballdiamond_baseballdiamond46.png,baseballdiamond_baseballdiamond,0.0640411376953125
baseballdiamond_baseballdiamond47.png,baseballdiamond_baseballdiamond,0.091400146484375
baseballdiamond_baseballdiamond48.png,baseballdiamond_baseballdiamond,0.053314208984375
baseballdiamond_baseballdiamond49.png,baseballdiamond_baseballdiamond,0.07098388671875
baseballdiamond_baseballdiamond50.png,baseballdiamond_baseballdiamond,0.0749359130859375
baseballdiamond_baseballdiamond51.png,baseballdiamond_baseballdiamond,0.071014404296875
baseballdiamond_baseballdiamond52.png,baseballdiamond_baseballdiamond,0.0616455078125
baseballdiamond_baseballdiamond53.png,baseballdiamond_baseballdiamond,0.0261688232421875
baseballdiamond_baseballdiamond54.png,baseballdiamond_baseballdiamond,0.024871826171875
baseballdiamond_baseballdiamond55.png,baseballdiamond_baseballdiamond,0.048370361328125
baseballdiamond_baseballdiamond56.png,baseballdiamond_baseballdiamond,0.026611328125
baseballdiamond_baseballdiamond57.png,baseballdiamond_baseballdiamond,0.0323944091796875
baseballdiamond_baseballdiamond58.png,baseballdiamond_baseballdiamond,0.05059814453125
baseballdiamond_baseballdiamond59.png,baseballdiamond_baseballdiamond,0.077789306640625
baseballdiamond_baseballdiamond60.png,baseballdiamond_baseballdiamond,0.0745697021484375
baseballdiamond_baseballdiamond61.png,baseballdiamond_baseballdiamond,0.1008148193359375
baseballdiamond_baseballdiamond62.png,baseballdiamond_baseballdiamond,0.069244384765625
baseballdiamond_baseballdiamond63.png,baseballdiamond_baseballdiamond,0.0661468505859375
baseballdiamond_baseballdiamond64.png,baseballdiamond_baseballdiamond,0.102264404296875
baseballdiamond_baseballdiamond65.png,baseballdiamond_baseballdiamond,0.0703887939453125
baseballdiamond_baseballdiamond66.png,baseballdiamond_baseballdiamond,0.018341064453125
baseballdiamond_baseballdiamond67.png,baseballdiamond_baseballdiamond,0.015045166015625
baseballdiamond_baseballdiamond68.png,baseballdiamond_baseballdiamond,0.0151519775390625
baseballdiamond_baseballdiamond69.png,baseballdiamond_baseballdiamond,0.0130767822265625
baseballdiamond_baseballdiamond70.png,baseballdiamond_baseballdiamond,0.0166015625
baseballdiamond_baseballdiamond71.png,baseballdiamond_baseballdiamond,0.0205841064453125
baseballdiamond_baseballdiamond72.png,baseballdiamond_baseballdiamond,0.016326904296875
baseballdiamond_baseballdiamond73.png,baseballdiamond_baseballdiamond,0.0045318603515625
baseballdiamond_baseballdiamond74.png,baseballdiamond_baseballdiamond,0.0220489501953125
baseballdiamond_baseballdiamond75.png,baseballdiamond_baseballdiamond,0.018463134765625
baseballdiamond_baseballdiamond76.png,baseballdiamond_baseballdiamond,0.0156402587890625
baseballdiamond_baseballdiamond77.png,baseballdiamond_baseballdiamond,0.0054473876953125
baseballdiamond_baseballdiamond78.png,baseballdiamond_baseballdiamond,0.0122833251953125
baseballdiamond_baseballdiamond79.png,baseballdiamond_baseballdiamond,0.1208343505859375
baseballdiamond_baseballdiamond80.png,baseballdiamond_baseballdiamond,0.0268402099609375
baseballdiamond_baseballdiamond81.png,baseballdiamond_baseballdiamond,0.0537109375
baseballdiamond_baseballdiamond82.png,baseballdiamond_baseballdiamond,0.05499267578125
baseballdiamond_baseballdiamond83.png,baseballdiamond_baseballdiamond,0.013153076171875
baseballdiamond_baseballdiamond84.png,baseballdiamond_baseballdiamond,0.0225372314453125
baseballdiamond_baseballdiamond85.png,baseballdiamond_baseballdiamond,0.013702392578125
baseballdiamond_baseballdiamond86.png,baseballdiamond_baseballdiamond,0.02215576171875
baseballdiamond_baseballdiamond87.png,baseballdiamond_baseballdiamond,0.0290069580078125
baseballdiamond_baseballdiamond88.png,baseballdiamond_baseballdiamond,0.0457305908203125
baseballdiamond_baseballdiamond89.png,baseballdiamond_baseballdiamond,0.0475921630859375
baseballdiamond_baseballdiamond90.png,baseballdiamond_baseballdiamond,0.006378173828125
baseballdiamond_baseballdiamond91.png,baseballdiamond_baseballdiamond,0.0484466552734375
baseballdiamond_baseballdiamond92.png,baseballdiamond_baseballdiamond,0.05712890625
baseballdiamond_baseballdiamond93.png,baseballdiamond_baseballdiamond,0.0646820068359375
baseballdiamond_baseballdiamond94.png,baseballdiamond_baseballdiamond,0.022003173828125
baseballdiamond_baseballdiamond95.png,baseballdiamond_baseballdiamond,0.0865936279296875
baseballdiamond_baseballdiamond96.png,baseballdiamond_baseballdiamond,0.0674591064453125
baseballdiamond_baseballdiamond97.png,baseballdiamond_baseballdiamond,0.0381927490234375
baseballdiamond_baseballdiamond98.png,baseballdiamond_baseballdiamond,0.0465240478515625
baseballdiamond_baseballdiamond99.png,baseballdiamond_baseballdiamond,0.0517578125
beach_beach00.png,beach_beach,0.1235198974609375
beach_beach01.png,beach_beach,0.1753387451171875
beach_beach02.png,beach_beach,0.142913818359375
beach_beach03.png,beach_beach,0.137908935546875
beach_beach04.png,beach_beach,0.16455078125
beach_beach05.png,beach_beach,0.17840576171875
beach_beach06.png,beach_beach,0.0333709716796875
beach_beach07.png,beach_beach,0.0200653076171875
beach_beach08.png,beach_beach,0.0226898193359375
beach_beach09.png,beach_beach,0.067626953125
beach_beach10.png,beach_beach,0.065032958984375
beach_beach11.png,beach_beach,0.0168304443359375
beach_beach12.png,beach_beach,0.0152130126953125
beach_beach13.png,beach_beach,0.0071258544921875
beach_beach14.png,beach_beach,0.0044708251953125
beach_beach15.png,beach_beach,0.0131378173828125
beach_beach16.png,beach_beach,0.0009002685546875
beach_beach17.png,beach_beach,0.002044677734375
beach_beach18.png,beach_beach,0.0003204345703125
beach_beach19.png,beach_beach,0.0245208740234375
beach_beach20.png,beach_beach,0.030731201171875
beach_beach21.png,beach_beach,0.0268096923828125
beach_beach22.png,beach_beach,0.026580810546875
beach_beach23.png,beach_beach,0.031707763671875
beach_beach24.png,beach_beach,0.0142822265625
beach_beach25.png,beach_beach,0.0157318115234375
beach_beach26.png,beach_beach,0.009674072265625
beach_beach27.png,beach_beach,0.098876953125
beach_beach28.png,beach_beach,0.107452392578125
beach_beach29.png,beach_beach,0.0229339599609375
beach_beach30.png,beach_beach,0.0324249267578125
beach_beach31.png,beach_beach,0.0072021484375
beach_beach32.png,beach_beach,0.0245513916015625
beach_beach33.png,beach_beach,0.087921142578125
beach_beach34.png,beach_beach,0.053253173828125
beach_beach35.png,beach_beach,0.0335845947265625
beach_beach36.png,beach_beach,0.0461578369140625
beach_beach37.png,beach_beach,0.084320068359375
beach_beach38.png,beach_beach,0.1273651123046875
beach_beach39.png,beach_beach,0.04510498046875
beach_beach40.png,beach_beach,0.0652313232421875
beach_beach41.png,beach_beach,0.07647705078125
beach_beach42.png,beach_beach,0.052520751953125
beach_beach43.png,beach_beach,0.036956787109375
beach_beach44.png,beach_beach,0.06097412109375
beach_beach45.png,beach_beach,0.0959320068359375
beach_beach46.png,beach_beach,0.0769195556640625
beach_beach47.png,beach_beach,0.0769805908203125
beach_beach48.png,beach_beach,0.076751708984375
beach_beach49.png,beach_beach,0.0190277099609375
beach_beach50.png,beach_beach,0.0380859375
beach_beach51.png,beach_beach,0.025299072265625
beach_beach52.png,beach_beach,0.0231781005859375
beach_beach53.png,beach_beach,0.019775390625
beach_beach54.png,beach_beach,0.02117919921875
beach_beach55.png,beach_beach,0.0323486328125
beach_beach56.png,beach_beach,0.0418243408203125
beach_beach57.png,beach_beach,0.0146484375
beach_beach58.png,beach_beach,0.0172882080078125
beach_beach59.png,beach_beach,0.0203094482421875
beach_beach60.png,beach_beach,0.0191802978515625
beach_beach61.png,beach_beach,0.029998779296875
beach_beach62.png,beach_beach,0.0110321044921875
beach_beach63.png,beach_beach,0.011077880859375
beach_beach64.png,beach_beach,0.012542724609375
beach_beach65.png,beach_beach,0.0106048583984375
beach_beach66.png,beach_beach,0.009124755859375
beach_beach67.png,beach_beach,0.057891845703125
beach_beach68.png,beach_beach,0.0631256103515625
beach_beach69.png,beach_beach,0.0621490478515625
beach_beach70.png,beach_beach,0.03692626953125
beach_beach71.png,beach_beach,0.0381011962890625
beach_beach72.png,beach_beach,0.03228759765625
beach_beach73.png,beach_beach,0.1060638427734375
beach_beach74.png,beach_beach,0.120330810546875
beach_beach75.png,beach_beach,0.0175933837890625
beach_beach76.png,beach_beach,0.0102996826171875
beach_beach77.png,beach_beach,0.0176544189453125
beach_beach78.png,beach_beach,0.0061187744140625
beach_beach79.png,beach_beach,0.00091552734375
beach_beach80.png,beach_beach,0.0005950927734375
beach_beach81.png,beach_beach,0.0020294189453125
beach_beach82.png,beach_beach,0.001068115234375
beach_beach83.png,beach_beach,0.00018310546875
beach_beach84.png,beach_beach,0.0006866455078125
beach_beach85.png,beach_beach,0.0162506103515625
beach_beach86.png,beach_beach,0.0083770751953125
beach_beach87.png,beach_beach,0.0082550048828125
beach_beach88.png,beach_beach,0.0173492431640625
beach_beach89.png,beach_beach,0.00738525390625
beach_beach90.png,beach_beach,0.01190185546875
beach_beach91.png,beach_beach,0.0084381103515625
beach_beach92.png,beach_beach,0.013763427734375
beach_beach93.png,beach_beach,0.016998291015625
beach_beach94.png,beach_beach,0.034149169921875
beach_beach95.png,beach_beach,0.0303802490234375
beach_beach96.png,beach_beach,0.0426788330078125
beach_beach97.png,beach_beach,0.05010986328125
beach_beach98.png,beach_beach,0.0437774658203125
beach_beach99.png,beach_beach,0.0287628173828125
buildings_buildings00.png,buildings_buildings,0.1051025390625
buildings_buildings01.png,buildings_buildings,0.101318359375
buildings_buildings02.png,buildings_buildings,0.1181793212890625
buildings_buildings03.png,buildings_buildings,0.1260223388671875
buildings_buildings04.png,buildings_buildings,0.0904388427734375
buildings_buildings05.png,buildings_buildings,0.1304931640625
buildings_buildings06.png,buildings_buildings,0.1049346923828125
buildings_buildings07.png,buildings_buildings,0.1376190185546875
buildings_buildings08.png,buildings_buildings,0.116729736328125
buildings_buildings09.png,buildings_buildings,0.15313720703125
buildings_buildings10.png,buildings_buildings,0.137603759765625
buildings_buildings11.png,buildings_buildings,0.1185760498046875
buildings_buildings12.png,buildings_buildings,0.1070404052734375
buildings_buildings13.png,buildings_buildings,0.1412353515625
buildings_buildings14.png,buildings_buildings,0.1230621337890625
buildings_buildings15.png,buildings_buildings,0.1319427490234375
buildings_buildings16.png,buildings_buildings,0.1457977294921875
buildings_buildings17.png,buildings_buildings,0.1023712158203125
buildings_buildings18.png,buildings_buildings,0.09735107421875
buildings_buildings19.png,buildings_buildings,0.1675567626953125
buildings_buildings20.png,buildings_buildings,0.1472625732421875
buildings_buildings21.png,buildings_buildings,0.142669677734375
buildings_buildings22.png,buildings_buildings,0.155364990234375
buildings_buildings23.png,buildings_buildings,0.0944061279296875
buildings_buildings24.png,buildings_buildings,0.1031036376953125
buildings_buildings25.png,buildings_buildings,0.099822998046875
buildings_buildings26.png,buildings_buildings,0.1555328369140625
buildings_buildings27.png,buildings_buildings,0.0911102294921875
buildings_buildings28.png,buildings_buildings,0.1002349853515625
buildings_buildings29.png,buildings_buildings,0.095794677734375
buildings_buildings30.png,buildings_buildings,0.1103668212890625
buildings_buildings31.png,buildings_buildings,0.11090087890625
buildings_buildings32.png,buildings_buildings,0.120819091796875
buildings_buildings33.png,buildings_buildings,0.0750579833984375
buildings_buildings34.png,buildings_buildings,0.0623779296875
buildings_buildings35.png,buildings_buildings,0.11126708984375
buildings_buildings36.png,buildings_buildings,0.1502838134765625
buildings_buildings37.png,buildings_buildings,0.17462158203125
buildings_buildings38.png,buildings_buildings,0.1647796630859375
buildings_buildings39.png,buildings_buildings,0.142852783203125
buildings_buildings40.png,buildings_buildings,0.193756103515625
buildings_buildings41.png,buildings_buildings,0.1936492919921875
buildings_buildings42.png,buildings_buildings,0.2154693603515625
buildings_buildings43.png,buildings_buildings,0.163299560546875
buildings_buildings44.png,buildings_buildings,0.1578826904296875
buildings_buildings45.png,buildings_buildings,0.1203765869140625
buildings_buildings46.png,buildings_buildings,0.143402099609375
buildings_buildings47.png,buildings_buildings,0.1788330078125
buildings_buildings48.png,buildings_buildings,0.1851654052734375
buildings_buildings49.png,buildings_buildings,0.1722412109375
buildings_buildings50.png,buildings_buildings,0.1236419677734375
buildings_buildings51.png,buildings_buildings,0.12738037109375
buildings_buildings52.png,buildings_buildings,0.0438232421875
buildings_buildings53.png,buildings_buildings,0.1278839111328125
buildings_buildings54.png,buildings_buildings,0.1092681884765625
buildings_buildings55.png,buildings_buildings,0.084747314453125
buildings_buildings56.png,buildings_buildings,0.102142333984375
buildings_buildings57.png,buildings_buildings,0.092071533203125
buildings_buildings58.png,buildings_buildings,0.106109619140625
buildings_buildings59.png,buildings_buildings,0.115509033203125
buildings_buildings60.png,buildings_buildings,0.0960693359375
buildings_buildings61.png,buildings_buildings,0.084197998046875
buildings_buildings62.png,buildings_buildings,0.1002349853515625
buildings_buildings63.png,buildings_buildings,0.114105224609375
buildings_buildings64.png,buildings_buildings,0.0883636474609375
buildings_buildings65.png,buildings_buildings,0.0428466796875
buildings_buildings66.png,buildings_buildings,0.0613250732421875
buildings_buildings67.png,buildings_buildings,0.082550048828125
buildings_buildings68.png,buildings_buildings,0.0927581787109375
buildings_buildings69.png,buildings_buildings,0.06951904296875
buildings_buildings70.png,buildings_buildings,0.0961761474609375
buildings_buildings71.png,buildings_buildings,0.116607666015625
buildings_buildings72.png,buildings_buildings,0.1373748779296875
buildings_buildings73.png,buildings_buildings,0.09912109375
buildings_buildings74.png,buildings_buildings,0.1065216064453125
buildings_buildings75.png,buildings_buildings,0.12603759765625
buildings_buildings76.png,buildings_buildings,0.1158294677734375
buildings_buildings77.png,buildings_buildings,0.113525390625
buildings_buildings78.png,buildings_buildings,0.1271514892578125
buildings_buildings79.png,buildings_buildings,0.1784515380859375
buildings_buildings80.png,buildings_buildings,0.152618408203125
buildings_buildings81.png,buildings_buildings,0.15826416015625
buildings_buildings82.png,buildings_buildings,0.2189788818359375
buildings_buildings83.png,buildings_buildings,0.1225128173828125
buildings_buildings84.png,buildings_buildings,0.259521484375
buildings_buildings85.png,buildings_buildings,0.0830230712890625
buildings_buildings86.png,buildings_buildings,0.0370025634765625
buildings_buildings87.png,buildings_buildings,0.091400146484375
buildings_buildings88.png,buildings_buildings,0.1351165771484375
buildings_buildings89.png,buildings_buildings,0.1289520263671875
buildings_buildings90.png,buildings_buildings,0.1482086181640625
buildings_buildings91.png,buildings_buildings,0.1837005615234375
buildings_buildings92.png,buildings_buildings,0.1361083984375
buildings_buildings93.png,buildings_buildings,0.1201019287109375
buildings_buildings94.png,buildings_buildings,0.1602325439453125
buildings_buildings95.png,buildings_buildings,0.1042327880859375
buildings_buildings96.png,buildings_buildings,0.12213134765625
buildings_buildings97.png,buildings_buildings,0.1049041748046875
buildings_buildings98.png,buildings_buildings,0.1096954345703125
buildings_buildings99.png,buildings_buildings,0.090911865234375
chaparral_chaparral00.png,chaparral_chaparral,0.186614990234375
chaparral_chaparral01.png,chaparral_chaparral,0.180877685546875
chaparral_chaparral02.png,chaparral_chaparral,0.186614990234375
chaparral_chaparral03.png,chaparral_chaparral,0.140869140625
chaparral_chaparral04.png,chaparral_chaparral,0.1734771728515625
chaparral_chaparral05.png,chaparral_chaparral,0.2504425048828125
chaparral_chaparral06.png,chaparral_chaparral,0.28533935546875
chaparral_chaparral07.png,chaparral_chaparral,0.2199249267578125
chaparral_chaparral08.png,chaparral_chaparral,0.196990966796875
chaparral_chaparral09.png,chaparral_chaparral,0.2487640380859375
chaparral_chaparral10.png,chaparral_chaparral,0.250732421875
chaparral_chaparral11.png,chaparral_chaparral,0.159698486328125
chaparral_chaparral12.png,chaparral_chaparral,0.1591949462890625
chaparral_chaparral13.png,chaparral_chaparral,0.1982879638671875
chaparral_chaparral14.png,chaparral_chaparral,0.169525146484375
chaparral_chaparral15.png,chaparral_chaparral,0.1940765380859375
chaparral_chaparral16.png,chaparral_chaparral,0.1779937744140625
chaparral_chaparral17.png,chaparral_chaparral,0.1348876953125
chaparral_chaparral18.png,chaparral_chaparral,0.1247100830078125
chaparral_chaparral19.png,chaparral_chaparral,0.1895751953125
chaparral_chaparral20.png,chaparral_chaparral,0.2045745849609375
chaparral_chaparral21.png,chaparral_chaparral,0.21051025390625
chaparral_chaparral22.png,chaparral_chaparral,0.2083892822265625
chaparral_chaparral23.png,chaparral_chaparral,0.2352294921875
chaparral_chaparral24.png,chaparral_chaparral,0.2451019287109375
chaparral_chaparral25.png,chaparral_chaparral,0.1996612548828125
chaparral_chaparral26.png,chaparral_chaparral,0.24993896484375
chaparral_chaparral27.png,chaparral_chaparral,0.2105560302734375
chaparral_chaparral28.png,chaparral_chaparral,0.2230224609375
chaparral_chaparral29.png,chaparral_chaparral,0.2918243408203125
chaparral_chaparral30.png,chaparral_chaparral,0.2904205322265625
chaparral_chaparral31.png,chaparral_chaparral,0.2894744873046875
chaparral_chaparral32.png,chaparral_chaparral,0.215667724609375
chaparral_chaparral33.png,chaparral_chaparral,0.2071990966796875
chaparral_chaparral34.png,chaparral_chaparral,0.1600494384765625
chaparral_chaparral35.png,chaparral_chaparral,0.1488494873046875
chaparral_chaparral36.png,chaparral_chaparral,0.1527557373046875
chaparral_chaparral37.png,chaparral_chaparral,0.2151031494140625
chaparral_chaparral38.png,chaparral_chaparral,0.2391510009765625
chaparral_chaparral39.png,chaparral_chaparral,0.2379150390625
chaparral_chaparral40.png,chaparral_chaparral,0.2106475830078125
chaparral_chaparral41.png,chaparral_chaparral,0.2091064453125
chaparral_chaparral42.png,chaparral_chaparral,0.2940521240234375
chaparral_chaparral43.png,chaparral_chaparral,0.18896484375
chaparral_chaparral44.png,chaparral_chaparral,0.203338623046875
chaparral_chaparral45.png,chaparral_chaparral,0.2322845458984375
chaparral_chaparral46.png,chaparral_chaparral,0.1889495849609375
chaparral_chaparral47.png,chaparral_chaparral,0.185272216796875
chaparral_chaparral48.png,chaparral_chaparral,0.1720733642578125
chaparral_chaparral49.png,chaparral_chaparral,0.125701904296875
chaparral_chaparral50.png,chaparral_chaparral,0.1944427490234375
chaparral_chaparral51.png,chaparral_chaparral,0.25872802734375
chaparral_chaparral52.png,chaparral_chaparral,0.2716827392578125
chaparral_chaparral53.png,chaparral_chaparral,0.2418670654296875
chaparral_chaparral54.png,chaparral_chaparral,0.24273681640625
chaparral_chaparral55.png,chaparral_chaparral,0.2571258544921875
chaparral_chaparral56.png,chaparral_chaparral,0.2792205810546875
chaparral_chaparral57.png,chaparral_chaparral,0.222442626953125
chaparral_chaparral58.png,chaparral_chaparral,0.2377166748046875
chaparral_chaparral59.png,chaparral_chaparral,0.2196044921875
chaparral_chaparral60.png,chaparral_chaparral,0.354827880859375
chaparral_chaparral61.png,chaparral_chaparral,0.3672332763671875
chaparral_chaparral62.png,chaparral_chaparral,0.3636932373046875
chaparral_chaparral63.png,chaparral_chaparral,0.3609619140625
chaparral_chaparral64.png,chaparral_chaparral,0.3760986328125
chaparral_chaparral65.png,chaparral_chaparral,0.364105224609375
chaparral_chaparral66.png,chaparral_chaparral,0.368133544921875
chaparral_chaparral67.png,chaparral_chaparral,0.207061767578125
chaparral_chaparral68.png,chaparral_chaparral,0.214019775390625
chaparral_chaparral69.png,chaparral_chaparral,0.2181243896484375
chaparral_chaparral70.png,chaparral_chaparral,0.177459716796875
chaparral_chaparral71.png,chaparral_chaparral,0.242095947265625
chaparral_chaparral72.png,chaparral_chaparral,0.194793701171875
chaparral_chaparral73.png,chaparral_chaparral,0.215087890625
chaparral_chaparral74.png,chaparral_chaparral,0.2023773193359375
chaparral_chaparral75.png,chaparral_chaparral,0.1990203857421875
chaparral_chaparral76.png,chaparral_chaparral,0.20123291015625
chaparral_chaparral77.png,chaparral_chaparral,0.2537841796875
chaparral_chaparral78.png,chaparral_chaparral,0.2507781982421875
chaparral_chaparral79.png,chaparral_chaparral,0.2319488525390625
chaparral_chaparral80.png,chaparral_chaparral,0.2353973388671875
chaparral_chaparral81.png,chaparral_chaparral,0.1970367431640625
chaparral_chaparral82.png,chaparral_chaparral,0.217315673828125
chaparral_chaparral83.png,chaparral_chaparral,0.2366790771484375
chaparral_chaparral84.png,chaparral_chaparral,0.252655029296875
chaparral_chaparral85.png,chaparral_chaparral,0.2122039794921875
chaparral_chaparral86.png,chaparral_chaparral,0.26220703125
chaparral_chaparral87.png,chaparral_chaparral,0.2869415283203125
chaparral_chaparral88.png,chaparral_chaparral,0.1782989501953125
chaparral_chaparral89.png,chaparral_chaparral,0.1842803955078125
chaparral_chaparral90.png,chaparral_chaparral,0.30755615234375
chaparral_chaparral91.png,chaparral_chaparral,0.3352508544921875
chaparral_chaparral92.png,chaparral_chaparral,0.196319580078125
chaparral_chaparral93.png,chaparral_chaparral,0.2173004150390625
chaparral_chaparral94.png,chaparral_chaparral,0.2998199462890625
chaparral_chaparral95.png,chaparral_chaparral,0.31170654296875
chaparral_chaparral96.png,chaparral_chaparral,0.27484130859375
chaparral_chaparral97.png,chaparral_chaparral,0.2479248046875
chaparral_chaparral98.png,chaparral_chaparral,0.2557373046875
chaparral_chaparral99.png,chaparral_chaparral,0.258880615234375
denseresidential_denseresidential00.png,denseresidential_denseresidential,0.1817474365234375
denseresidential_denseresidential01.png,denseresidential_denseresidential,0.154693603515625
denseresidential_denseresidential02.png,denseresidential_denseresidential,0.1604461669921875
denseresidential_denseresidential03.png,denseresidential_denseresidential,0.1624603271484375
denseresidential_denseresidential04.png,denseresidential_denseresidential,0.1730194091796875
denseresidential_denseresidential05.png,denseresidential_denseresidential,0.127410888671875
denseresidential_denseresidential06.png,denseresidential_denseresidential,0.1264190673828125
denseresidential_denseresidential07.png,denseresidential_denseresidential,0.125823974609375
denseresidential_denseresidential08.png,denseresidential_denseresidential,0.17083740234375
denseresidential_denseresidential09.png,denseresidential_denseresidential,0.182525634765625
denseresidential_denseresidential10.png,denseresidential_denseresidential,0.1475677490234375
denseresidential_denseresidential11.png,denseresidential_denseresidential,0.12860107421875
denseresidential_denseresidential12.png,denseresidential_denseresidential,0.1391143798828125
denseresidential_denseresidential13.png,denseresidential_denseresidential,0.22674560546875
denseresidential_denseresidential14.png,denseresidential_denseresidential,0.1395263671875
denseresidential_denseresidential15.png,denseresidential_denseresidential,0.1500091552734375
denseresidential_denseresidential16.png,denseresidential_denseresidential,0.152313232421875
denseresidential_denseresidential17.png,denseresidential_denseresidential,0.14892578125
denseresidential_denseresidential18.png,denseresidential_denseresidential,0.179595947265625
denseresidential_denseresidential19.png,denseresidential_denseresidential,0.114288330078125
denseresidential_denseresidential20.png,denseresidential_denseresidential,0.1683349609375
denseresidential_denseresidential21.png,denseresidential_denseresidential,0.20001220703125
denseresidential_denseresidential22.png,denseresidential_denseresidential,0.169342041015625
denseresidential_denseresidential23.png,denseresidential_denseresidential,0.1679534912109375
denseresidential_denseresidential24.png,denseresidential_denseresidential,0.158447265625
denseresidential_denseresidential25.png,denseresidential_denseresidential,0.1767578125
denseresidential_denseresidential26.png,denseresidential_denseresidential,0.1192474365234375
denseresidential_denseresidential27.png,denseresidential_denseresidential,0.13946533203125
denseresidential_denseresidential28.png,denseresidential_denseresidential,0.1409759521484375
denseresidential_denseresidential29.png,denseresidential_denseresidential,0.139434814453125
denseresidential_denseresidential30.png,denseresidential_denseresidential,0.152374267578125
denseresidential_denseresidential31.png,denseresidential_denseresidential,0.1432342529296875
denseresidential_denseresidential32.png,denseresidential_denseresidential,0.1640472412109375
denseresidential_denseresidential33.png,denseresidential_denseresidential,0.1431427001953125
denseresidential_denseresidential34.png,denseresidential_denseresidential,0.1324005126953125
denseresidential_denseresidential35.png,denseresidential_denseresidential,0.1662445068359375
denseresidential_denseresidential36.png,denseresidential_denseresidential,0.1710968017578125
denseresidential_denseresidential37.png,denseresidential_denseresidential,0.1549835205078125
denseresidential_denseresidential38.png,denseresidential_denseresidential,0.1651611328125
denseresidential_denseresidential39.png,denseresidential_denseresidential,0.1292572021484375
denseresidential_denseresidential40.png,denseresidential_denseresidential,0.177276611328125
denseresidential_denseresidential41.png,denseresidential_denseresidential,0.157684326171875
denseresidential_denseresidential42.png,denseresidential_denseresidential,0.14166259765625
denseresidential_denseresidential43.png,denseresidential_denseresidential,0.138946533203125
denseresidential_denseresidential44.png,denseresidential_denseresidential,0.21197509765625
denseresidential_denseresidential45.png,denseresidential_denseresidential,0.18438720703125
denseresidential_denseresidential46.png,denseresidential_denseresidential,0.1793670654296875
denseresidential_denseresidential47.png,denseresidential_denseresidential,0.16339111328125
denseresidential_denseresidential48.png,denseresidential_denseresidential,0.1815948486328125
denseresidential_denseresidential49.png,denseresidential_denseresidential,0.1736602783203125
denseresidential_denseresidential50.png,denseresidential_denseresidential,0.0820465087890625
denseresidential_denseresidential51.png,denseresidential_denseresidential,0.144866943359375
denseresidential_denseresidential52.png,denseresidential_denseresidential,0.1211700439453125
denseresidential_denseresidential53.png,denseresidential_denseresidential,0.156707763671875
denseresidential_denseresidential54.png,denseresidential_denseresidential,0.1647491455078125
denseresidential_denseresidential55.png,denseresidential_denseresidential,0.16986083984375
denseresidential_denseresidential56.png,denseresidential_denseresidential,0.143707275390625
denseresidential_denseresidential57.png,denseresidential_denseresidential,0.15234375
denseresidential_denseresidential58.png,denseresidential_denseresidential,0.152374267578125
denseresidential_denseresidential59.png,denseresidential_denseresidential,0.145172119140625
denseresidential_denseresidential60.png,denseresidential_denseresidential,0.1508331298828125
denseresidential_denseresidential61.png,denseresidential_denseresidential,0.14044189453125
denseresidential_denseresidential62.png,denseresidential_denseresidential,0.1440887451171875
denseresidential_denseresidential63.png,denseresidential_denseresidential,0.1262969970703125
denseresidential_denseresidential64.png,denseresidential_denseresidential,0.1492462158203125
denseresidential_denseresidential65.png,denseresidential_denseresidential,0.1459808349609375
denseresidential_denseresidential66.png,denseresidential_denseresidential,0.1651153564453125
denseresidential_denseresidential67.png,denseresidential_denseresidential,0.1163482666015625
denseresidential_denseresidential68.png,denseresidential_denseresidential,0.1553802490234375
denseresidential_denseresidential69.png,denseresidential_denseresidential,0.1339263916015625
denseresidential_denseresidential70.png,denseresidential_denseresidential,0.135650634765625
denseresidential_denseresidential71.png,denseresidential_denseresidential,0.1576995849609375
denseresidential_denseresidential72.png,denseresidential_denseresidential,0.1394805908203125
denseresidential_denseresidential73.png,denseresidential_denseresidential,0.160736083984375
denseresidential_denseresidential74.png,denseresidential_denseresidential,0.147216796875
denseresidential_denseresidential75.png,denseresidential_denseresidential,0.14306640625
denseresidential_denseresidential76.png,denseresidential_denseresidential,0.125152587890625
denseresidential_denseresidential77.png,denseresidential_denseresidential,0.1268463134765625
denseresidential_denseresidential78.png,denseresidential_denseresidential,0.1471405029296875
denseresidential_denseresidential79.png,denseresidential_denseresidential,0.1464691162109375
denseresidential_denseresidential80.png,denseresidential_denseresidential,0.1398162841796875
denseresidential_denseresidential81.png,denseresidential_denseresidential,0.13714599609375
denseresidential_denseresidential82.png,denseresidential_denseresidential,0.2318878173828125
denseresidential_denseresidential83.png,denseresidential_denseresidential,0.2470245361328125
denseresidential_denseresidential84.png,denseresidential_denseresidential,0.1046600341796875
denseresidential_denseresidential85.png,denseresidential_denseresidential,0.130401611328125
denseresidential_denseresidential86.png,denseresidential_denseresidential,0.1234893798828125
denseresidential_denseresidential87.png,denseresidential_denseresidential,0.15142822265625
denseresidential_denseresidential88.png,denseresidential_denseresidential,0.123016357421875
denseresidential_denseresidential89.png,denseresidential_denseresidential,0.1354217529296875
denseresidential_denseresidential90.png,denseresidential_denseresidential,0.1264495849609375
denseresidential_denseresidential91.png,denseresidential_denseresidential,0.123321533203125
denseresidential_denseresidential92.png,denseresidential_denseresidential,0.147796630859375
denseresidential_denseresidential93.png,denseresidential_denseresidential,0.1396026611328125
denseresidential_denseresidential94.png,denseresidential_denseresidential,0.1670379638671875
denseresidential_denseresidential95.png,denseresidential_denseresidential,0.1561737060546875
denseresidential_denseresidential96.png,denseresidential_denseresidential,0.1454620361328125
denseresidential_denseresidential97.png,denseresidential_denseresidential,0.140838623046875
denseresidential_denseresidential98.png,denseresidential_denseresidential,0.09783935546875
denseresidential_denseresidential99.png,denseresidential_denseresidential,0.1388092041015625
forest_forest00.png,forest_forest,0.0428619384765625
forest_forest01.png,forest_forest,0.1084136962890625
forest_forest02.png,forest_forest,0.0529937744140625
forest_forest03.png,forest_forest,0.0967254638671875
forest_forest04.png,forest_forest,0.1148529052734375
forest_forest05.png,forest_forest,0.0713043212890625
forest_forest06.png,forest_forest,0.1279449462890625
forest_forest07.png,forest_forest,0.0536041259765625
forest_forest08.png,forest_forest,0.197662353515625
forest_forest09.png,forest_forest,0.2205810546875
forest_forest10.png,forest_forest,0.0182952880859375
forest_forest11.png,forest_forest,0.07342529296875
forest_forest12.png,forest_forest,0.0727081298828125
forest_forest13.png,forest_forest,0.0652313232421875
forest_forest14.png,forest_forest,0.0540008544921875
forest_forest15.png,forest_forest,0.246185302734375
forest_forest16.png,forest_forest,0.302154541015625
forest_forest17.png,forest_forest,0.2777557373046875
forest_forest18.png,forest_forest,0.3268585205078125
forest_forest19.png,forest_forest,0.3109893798828125
forest_forest20.png,forest_forest,0.332672119140625
forest_forest21.png,forest_forest,0.263275146484375
forest_forest22.png,forest_forest,0.33538818359375
forest_forest23.png,forest_forest,0.3092193603515625
forest_forest24.png,forest_forest,0.2188262939453125
forest_forest25.png,forest_forest,0.277862548828125
forest_forest26.png,forest_forest,0.3238067626953125
forest_forest27.png,forest_forest,0.2388153076171875
forest_forest28.png,forest_forest,0.280517578125
forest_forest29.png,forest_forest,0.1921844482421875
forest_forest30.png,forest_forest,0.10162353515625
forest_forest31.png,forest_forest,0.1970062255859375
forest_forest32.png,forest_forest,0.176849365234375
forest_forest33.png,forest_forest,0.2555084228515625
forest_forest34.png,forest_forest,0.20257568359375
forest_forest35.png,forest_forest,0.1969757080078125
forest_forest36.png,forest_forest,0.200958251953125
forest_forest37.png,forest_forest,0.1970977783203125
forest_forest38.png,forest_forest,0.209686279296875
forest_forest39.png,forest_forest,0.1628570556640625
forest_forest40.png,forest_forest,0.201995849609375
forest_forest41.png,forest_forest,0.0
forest_forest42.png,forest_forest,0.1986083984375
forest_forest43.png,forest_forest,0.252044677734375
forest_forest44.png,forest_forest,0.0713653564453125
forest_forest45.png,forest_forest,0.1407318115234375
forest_forest46.png,forest_forest,0.1352081298828125
forest_forest47.png,forest_forest,0.13763427734375
forest_forest48.png,forest_forest,0.2104034423828125
forest_forest49.png,forest_forest,0.201385498046875
forest_forest50.png,forest_forest,0.2042694091796875
forest_forest51.png,forest_forest,0.1747894287109375
forest_forest52.png,forest_forest,0.19573974609375
forest_forest53.png,forest_forest,0.1553192138671875
forest_forest54.png,forest_forest,0.171142578125
forest_forest55.png,forest_forest,0.224395751953125
forest_forest56.png,forest_forest,0.235321044921875
forest_forest57.png,forest_forest,0.2582244873046875
forest_forest58.png,forest_forest,0.210418701171875
forest_forest59.png,forest_forest,0.02978515625
forest_forest60.png,forest_forest,0.2526092529296875
forest_forest61.png,forest_forest,0.21441650390625
forest_forest62.png,forest_forest,0.1887359619140625
forest_forest63.png,forest_forest,0.139923095703125
forest_forest64.png,forest_forest,0.173980712890625
forest_forest65.png,forest_forest,0.348358154296875
forest_forest66.png,forest_forest,0.2913970947265625
forest_forest67.png,forest_forest,0.2378997802734375
forest_forest68.png,forest_forest,0.12225341796875
forest_forest69.png,forest_forest,0.2462310791015625
forest_forest70.png,forest_forest,0.24664306640625
forest_forest71.png,forest_forest,0.250457763671875
forest_forest72.png,forest_forest,0.2580718994140625
forest_forest73.png,forest_forest,0.280517578125
forest_forest74.png,forest_forest,0.2169036865234375
forest_forest75.png,forest_forest,0.2708587646484375
forest_forest76.png,forest_forest,0.284820556640625
forest_forest77.png,forest_forest,0.27288818359375
forest_forest78.png,forest_forest,0.313568115234375
forest_forest79.png,forest_forest,0.279510498046875
forest_forest80.png,forest_forest,0.173248291015625
forest_forest81.png,forest_forest,0.1969146728515625
forest_forest82.png,forest_forest,0.253662109375
forest_forest83.png,forest_forest,0.267730712890625
forest_forest84.png,forest_forest,0.261260986328125
forest_forest85.png,forest_forest,0.261749267578125
forest_forest86.png,forest_forest,0.235076904296875
forest_forest87.png,forest_forest,0.2741851806640625
forest_forest88.png,forest_forest,0.2689361572265625
forest_forest89.png,forest_forest,0.28173828125
forest_forest90.png,forest_forest,0.26519775390625
forest_forest91.png,forest_forest,0.1973419189453125
forest_forest92.png,forest_forest,0.2174224853515625
forest_forest93.png,forest_forest,0.2728271484375
forest_forest94.png,forest_forest,0.253143310546875
forest_forest95.png,forest_forest,0.2114715576171875
forest_forest96.png,forest_forest,0.1522369384765625
forest_forest97.png,forest_forest,0.100555419921875
forest_forest98.png,forest_forest,0.19732666015625
forest_forest99.png,forest_forest,0.233734130859375
freeway_freeway00.png,freeway_freeway,0.1493072509765625
freeway_freeway01.png,freeway_freeway,0.1252593994140625
freeway_freeway02.png,freeway_freeway,0.1220855712890625
freeway_freeway03.png,freeway_freeway,0.13262939453125
freeway_freeway04.png,freeway_freeway,0.11492919921875
freeway_freeway05.png,freeway_freeway,0.13726806640625
freeway_freeway06.png,freeway_freeway,0.13104248046875
freeway_freeway07.png,freeway_freeway,0.1297149658203125
freeway_freeway08.png,freeway_freeway,0.10968017578125
freeway_freeway09.png,freeway_freeway,0.0980682373046875
freeway_freeway10.png,freeway_freeway,0.108795166015625
freeway_freeway11.png,freeway_freeway,0.115875244140625
freeway_freeway12.png,freeway_freeway,0.0980072021484375
freeway_freeway13.png,freeway_freeway,0.0850677490234375
freeway_freeway14.png,freeway_freeway,0.0767059326171875
freeway_freeway15.png,freeway_freeway,0.1085357666015625
freeway_freeway16.png,freeway_freeway,0.097137451171875
freeway_freeway17.png,freeway_freeway,0.081085205078125
freeway_freeway18.png,freeway_freeway,0.092926025390625
freeway_freeway19.png,freeway_freeway,0.044219970703125
freeway_freeway20.png,freeway_freeway,0.07440185546875
freeway_freeway21.png,freeway_freeway,0.090545654296875
freeway_freeway22.png,freeway_freeway,0.0839385986328125
freeway_freeway23.png,freeway_freeway,0.0872802734375
freeway_freeway24.png,freeway_freeway,0.0946807861328125
freeway_freeway25.png,freeway_freeway,0.0895843505859375
freeway_freeway26.png,freeway_freeway,0.11370849609375
freeway_freeway27.png,freeway_freeway,0.1166839599609375
freeway_freeway28.png,freeway_freeway,0.134185791015625
freeway_freeway29.png,freeway_freeway,0.117950439453125
freeway_freeway30.png,freeway_freeway,0.151031494140625
freeway_freeway31.png,freeway_freeway,0.1631622314453125
freeway_freeway32.png,freeway_freeway,0.1230621337890625
freeway_freeway33.png,freeway_freeway,0.1013031005859375
freeway_freeway34.png,freeway_freeway,0.110595703125
freeway_freeway35.png,freeway_freeway,0.101654052734375
freeway_freeway36.png,freeway_freeway,0.104217529296875
freeway_freeway37.png,freeway_freeway,0.156585693359375
freeway_freeway38.png,freeway_freeway,0.120849609375
freeway_freeway39.png,freeway_freeway,0.11541748046875
freeway_freeway40.png,freeway_freeway,0.08612060546875
freeway_freeway41.png,freeway_freeway,0.128448486328125
freeway_freeway42.png,freeway_freeway,0.133697509765625
freeway_freeway43.png,freeway_freeway,0.0882110595703125
freeway_freeway44.png,freeway_freeway,0.095977783203125
freeway_freeway45.png,freeway_freeway,0.091461181640625
freeway_freeway46.png,freeway_freeway,0.0998992919921875
freeway_freeway47.png,freeway_freeway,0.0947265625
freeway_freeway48.png,freeway_freeway,0.09503173828125
freeway_freeway49.png,freeway_freeway,0.1103363037109375
freeway_freeway50.png,freeway_freeway,0.099365234375
freeway_freeway51.png,freeway_freeway,0.062042236328125
freeway_freeway52.png,freeway_freeway,0.0954742431640625
freeway_freeway53.png,freeway_freeway,0.118072509765625
freeway_freeway54.png,freeway_freeway,0.1063690185546875
freeway_freeway55.png,freeway_freeway,0.112396240234375
freeway_freeway56.png,freeway_freeway,0.115570068359375
freeway_freeway57.png,freeway_freeway,0.09735107421875
freeway_freeway58.png,freeway_freeway,0.1546783447265625
freeway_freeway59.png,freeway_freeway,0.0989837646484375
freeway_freeway60.png,freeway_freeway,0.128936767578125
freeway_freeway61.png,freeway_freeway,0.16082763671875
freeway_freeway62.png,freeway_freeway,0.135833740234375
freeway_freeway63.png,freeway_freeway,0.1487579345703125
freeway_freeway64.png,freeway_freeway,0.1486358642578125
freeway_freeway65.png,freeway_freeway,0.1583251953125
freeway_freeway66.png,freeway_freeway,0.1449737548828125
freeway_freeway67.png,freeway_freeway,0.110504150390625
freeway_freeway68.png,freeway_freeway,0.0951080322265625
freeway_freeway69.png,freeway_freeway,0.1067352294921875
freeway_freeway70.png,freeway_freeway,0.0885009765625
freeway_freeway71.png,freeway_freeway,0.07061767578125
freeway_freeway72.png,freeway_freeway,0.061737060546875
freeway_freeway73.png,freeway_freeway,0.085784912109375
freeway_freeway74.png,freeway_freeway,0.0326690673828125
freeway_freeway75.png,freeway_freeway,0.0511932373046875
freeway_freeway76.png,freeway_freeway,0.15570068359375
freeway_freeway77.png,freeway_freeway,0.085418701171875
freeway_freeway78.png,freeway_freeway,0.052734375
freeway_freeway79.png,freeway_freeway,0.0682830810546875
freeway_freeway80.png,freeway_freeway,0.081939697265625
freeway_freeway81.png,freeway_freeway,0.087982177734375
freeway_freeway82.png,freeway_freeway,0.0945587158203125
freeway_freeway83.png,freeway_freeway,0.0895843505859375
freeway_freeway84.png,freeway_freeway,0.0535736083984375
freeway_freeway85.png,freeway_freeway,0.1001739501953125
freeway_freeway86.png,freeway_freeway,0.2175750732421875
freeway_freeway87.png,freeway_freeway,0.21405029296875
freeway_freeway88.png,freeway_freeway,0.23516845703125
freeway_freeway89.png,freeway_freeway,0.0948638916015625
freeway_freeway90.png,freeway_freeway,0.058563232421875
freeway_freeway91.png,freeway_freeway,0.0917205810546875
freeway_freeway92.png,freeway_freeway,0.065032958984375
freeway_freeway93.png,freeway_freeway,0.1839447021484375
freeway_freeway94.png,freeway_freeway,0.198394775390625
freeway_freeway95.png,freeway_freeway,0.172393798828125
freeway_freeway96.png,freeway_freeway,0.087982177734375
freeway_freeway97.png,freeway_freeway,0.1083526611328125
freeway_freeway98.png,freeway_freeway,0.2396240234375
freeway_freeway99.png,freeway_freeway,0.1075439453125
golfcourse_golfcourse00.png,golfcourse_golfcourse,0.0588836669921875
golfcourse_golfcourse01.png,golfcourse_golfcourse,0.0410919189453125
golfcourse_golfcourse02.png,golfcourse_golfcourse,0.148040771484375
golfcourse_golfcourse03.png,golfcourse_golfcourse,0.161468505859375
golfcourse_golfcourse04.png,golfcourse_golfcourse,0.111328125
golfcourse_golfcourse05.png,golfcourse_golfcourse,0.15789794921875
golfcourse_golfcourse06.png,golfcourse_golfcourse,0.1363677978515625
golfcourse_golfcourse07.png,golfcourse_golfcourse,0.076263427734375
golfcourse_golfcourse08.png,golfcourse_golfcourse,0.099334716796875
golfcourse_golfcourse09.png,golfcourse_golfcourse,0.0510406494140625
golfcourse_golfcourse10.png,golfcourse_golfcourse,0.099365234375
golfcourse_golfcourse11.png,golfcourse_golfcourse,0.099029541015625
golfcourse_golfcourse12.png,golfcourse_golfcourse,0.14581298828125
golfcourse_golfcourse13.png,golfcourse_golfcourse,0.0996856689453125
golfcourse_golfcourse14.png,golfcourse_golfcourse,0.07904052734375
golfcourse_golfcourse15.png,golfcourse_golfcourse,0.1151275634765625
golfcourse_golfcourse16.png,golfcourse_golfcourse,0.085418701171875
golfcourse_golfcourse17.png,golfcourse_golfcourse,0.0540313720703125
golfcourse_golfcourse18.png,golfcourse_golfcourse,0.0936279296875
golfcourse_golfcourse19.png,golfcourse_golfcourse,0.0617218017578125
golfcourse_golfcourse20.png,golfcourse_golfcourse,0.0792999267578125
golfcourse_golfcourse21.png,golfcourse_golfcourse,0.0546417236328125
golfcourse_golfcourse22.png,golfcourse_golfcourse,0.0492401123046875
golfcourse_golfcourse23.png,golfcourse_golfcourse,0.0921173095703125
golfcourse_golfcourse24.png,golfcourse_golfcourse,0.0635986328125
golfcourse_golfcourse25.png,golfcourse_golfcourse,0.071533203125
golfcourse_golfcourse26.png,golfcourse_golfcourse,0.1230926513671875
golfcourse_golfcourse27.png,golfcourse_golfcourse,0.057342529296875
golfcourse_golfcourse28.png,golfcourse_golfcourse,0.0508270263671875
golfcourse_golfcourse29.png,golfcourse_golfcourse,0.096923828125
golfcourse_golfcourse30.png,golfcourse_golfcourse,0.0424957275390625
golfcourse_golfcourse31.png,golfcourse_golfcourse,0.0347747802734375
golfcourse_golfcourse32.png,golfcourse_golfcourse,0.0731658935546875
golfcourse_golfcourse33.png,golfcourse_golfcourse,0.0651397705078125
golfcourse_golfcourse34.png,golfcourse_golfcourse,0.1111297607421875
golfcourse_golfcourse35.png,golfcourse_golfcourse,0.04498291015625
golfcourse_golfcourse36.png,golfcourse_golfcourse,0.0524749755859375
golfcourse_golfcourse37.png,golfcourse_golfcourse,0.0909423828125
golfcourse_golfcourse38.png,golfcourse_golfcourse,0.07733154296875
golfcourse_golfcourse39.png,golfcourse_golfcourse,0.0435943603515625
golfcourse_golfcourse40.png,golfcourse_golfcourse,0.05072021484375
golfcourse_golfcourse41.png,golfcourse_golfcourse,0.057708740234375
golfcourse_golfcourse42.png,golfcourse_golfcourse,0.0804595947265625
golfcourse_golfcourse43.png,golfcourse_golfcourse,0.0490264892578125
golfcourse_golfcourse44.png,golfcourse_golfcourse,0.030181884765625
golfcourse_golfcourse45.png,golfcourse_golfcourse,0.0256805419921875
golfcourse_golfcourse46.png,golfcourse_golfcourse,0.0458526611328125
golfcourse_golfcourse47.png,golfcourse_golfcourse,0.0322265625
golfcourse_golfcourse48.png,golfcourse_golfcourse,0.03924560546875
golfcourse_golfcourse49.png,golfcourse_golfcourse,0.034027099609375
golfcourse_golfcourse50.png,golfcourse_golfcourse,0.05767822265625
golfcourse_golfcourse51.png,golfcourse_golfcourse,0.032806396484375
golfcourse_golfcourse52.png,golfcourse_golfcourse,0.09295654296875
golfcourse_golfcourse53.png,golfcourse_golfcourse,0.0133514404296875
golfcourse_golfcourse54.png,golfcourse_golfcourse,0.021514892578125
golfcourse_golfcourse55.png,golfcourse_golfcourse,0.022735595703125
golfcourse_golfcourse56.png,golfcourse_golfcourse,0.0207977294921875
golfcourse_golfcourse57.png,golfcourse_golfcourse,0.0236968994140625
golfcourse_golfcourse58.png,golfcourse_golfcourse,0.01507568359375
golfcourse_golfcourse59.png,golfcourse_golfcourse,0.0175628662109375
golfcourse_golfcourse60.png,golfcourse_golfcourse,0.0110931396484375
golfcourse_golfcourse61.png,golfcourse_golfcourse,0.01385498046875
golfcourse_golfcourse62.png,golfcourse_golfcourse,0.00946044921875
golfcourse_golfcourse63.png,golfcourse_golfcourse,0.00726318359375
golfcourse_golfcourse64.png,golfcourse_golfcourse,0.0009613037109375
golfcourse_golfcourse65.png,golfcourse_golfcourse,0.0259552001953125
golfcourse_golfcourse66.png,golfcourse_golfcourse,0.009124755859375
golfcourse_golfcourse67.png,golfcourse_golfcourse,0.0105743408203125
golfcourse_golfcourse68.png,golfcourse_golfcourse,0.025909423828125
golfcourse_golfcourse69.png,golfcourse_golfcourse,0.0184783935546875
golfcourse_golfcourse70.png,golfcourse_golfcourse,0.0341339111328125
golfcourse_golfcourse71.png,golfcourse_golfcourse,0.0309600830078125
golfcourse_golfcourse72.png,golfcourse_golfcourse,0.027099609375
golfcourse_golfcourse73.png,golfcourse_golfcourse,0.025238037109375
golfcourse_golfcourse74.png,golfcourse_golfcourse,0.0726165771484375
golfcourse_golfcourse75.png,golfcourse_golfcourse,0.0422515869140625
golfcourse_golfcourse76.png,golfcourse_golfcourse,0.07568359375
golfcourse_golfcourse77.png,golfcourse_golfcourse,0.06805419921875
golfcourse_golfcourse78.png,golfcourse_golfcourse,0.0554962158203125
golfcourse_golfcourse79.png,golfcourse_golfcourse,0.0970306396484375
golfcourse_golfcourse80.png,golfcourse_golfcourse,0.0892486572265625
golfcourse_golfcourse81.png,golfcourse_golfcourse,0.076171875
golfcourse_golfcourse82.png,golfcourse_golfcourse,0.100830078125
golfcourse_golfcourse83.png,golfcourse_golfcourse,0.0877227783203125
golfcourse_golfcourse84.png,golfcourse_golfcourse,0.0848846435546875
golfcourse_golfcourse85.png,golfcourse_golfcourse,0.1027374267578125
golfcourse_golfcourse86.png,golfcourse_golfcourse,0.126708984375
golfcourse_golfcourse87.png,golfcourse_golfcourse,0.019775390625
golfcourse_golfcourse88.png,golfcourse_golfcourse,0.0208892822265625
golfcourse_golfcourse89.png,golfcourse_golfcourse,0.01788330078125
golfcourse_golfcourse90.png,golfcourse_golfcourse,0.0303192138671875
golfcourse_golfcourse91.png,golfcourse_golfcourse,0.0166473388671875
golfcourse_golfcourse92.png,golfcourse_golfcourse,0.03515625
golfcourse_golfcourse93.png,golfcourse_golfcourse,0.0219268798828125
golfcourse_golfcourse94.png,golfcourse_golfcourse,0.01873779296875
golfcourse_golfcourse95.png,golfcourse_golfcourse,0.036773681640625
golfcourse_golfcourse96.png,golfcourse_golfcourse,0.0103759765625
golfcourse_golfcourse97.png,golfcourse_golfcourse,0.0068511962890625
golfcourse_golfcourse98.png,golfcourse_golfcourse,0.0027313232421875
golfcourse_golfcourse99.png,golfcourse_golfcourse,0.0076446533203125
harbor_harbor00.png,harbor_harbor,0.123321533203125
harbor_harbor01.png,harbor_harbor,0.1368865966796875
harbor_harbor02.png,harbor_harbor,0.1396026611328125
harbor_harbor03.png,harbor_harbor,0.1331634521484375
harbor_harbor04.png,harbor_harbor,0.155975341796875
harbor_harbor05.png,harbor_harbor,0.129425048828125
harbor_harbor06.png,harbor_harbor,0.1231842041015625
harbor_harbor07.png,harbor_harbor,0.155517578125
harbor_harbor08.png,harbor_harbor,0.165008544921875
harbor_harbor09.png,harbor_harbor,0.1226959228515625
harbor_harbor10.png,harbor_harbor,0.0854644775390625
harbor_harbor11.png,harbor_harbor,0.1245269775390625
harbor_harbor12.png,harbor_harbor,0.167816162109375
harbor_harbor13.png,harbor_harbor,0.164398193359375
harbor_harbor14.png,harbor_harbor,0.160064697265625
harbor_harbor15.png,harbor_harbor,0.14874267578125
harbor_harbor16.png,harbor_harbor,0.1471405029296875
harbor_harbor17.png,harbor_harbor,0.1461944580078125
harbor_harbor18.png,harbor_harbor,0.1413726806640625
harbor_harbor19.png,harbor_harbor,0.1264190673828125
harbor_harbor20.png,harbor_harbor,0.139495849609375
harbor_harbor21.png,harbor_harbor,0.144805908203125
harbor_harbor22.png,harbor_harbor,0.1184539794921875
harbor_harbor23.png,harbor_harbor,0.101806640625
harbor_harbor24.png,harbor_harbor,0.14886474609375
harbor_harbor25.png,harbor_harbor,0.118743896484375
harbor_harbor26.png,harbor_harbor,0.1273956298828125
harbor_harbor27.png,harbor_harbor,0.1781005859375
harbor_harbor28.png,harbor_harbor,0.1600799560546875
harbor_harbor29.png,harbor_harbor,0.205322265625
harbor_harbor30.png,harbor_harbor,0.1499786376953125
harbor_harbor31.png,harbor_harbor,0.17431640625
harbor_harbor32.png,harbor_harbor,0.08160400390625
harbor_harbor33.png,harbor_harbor,0.087677001953125
harbor_harbor34.png,harbor_harbor,0.0937042236328125
harbor_harbor35.png,harbor_harbor,0.117431640625
harbor_harbor36.png,harbor_harbor,0.11810302734375
harbor_harbor37.png,harbor_harbor,0.1108856201171875
harbor_harbor38.png,harbor_harbor,0.09332275390625
harbor_harbor39.png,harbor_harbor,0.0859222412109375
harbor_harbor40.png,harbor_harbor,0.100494384765625
harbor_harbor41.png,harbor_harbor,0.1354217529296875
harbor_harbor42.png,harbor_harbor,0.10272216796875
harbor_harbor43.png,harbor_harbor,0.1969757080078125
harbor_harbor44.png,harbor_harbor,0.201416015625
harbor_harbor45.png,harbor_harbor,0.2115936279296875
harbor_harbor46.png,harbor_harbor,0.190460205078125
harbor_harbor47.png,harbor_harbor,0.1792755126953125
harbor_harbor48.png,harbor_harbor,0.1766204833984375
harbor_harbor49.png,harbor_harbor,0.1594696044921875
harbor_harbor50.png,harbor_harbor,0.1591949462890625
harbor_harbor51.png,harbor_harbor,0.2044219970703125
harbor_harbor52.png,harbor_harbor,0.1824188232421875
harbor_harbor53.png,harbor_harbor,0.14495849609375
harbor_harbor54.png,harbor_harbor,0.1566619873046875
harbor_harbor55.png,harbor_harbor,0.176483154296875
harbor_harbor56.png,harbor_harbor,0.196380615234375
harbor_harbor57.png,harbor_harbor,0.1975555419921875
harbor_harbor58.png,harbor_harbor,0.154052734375
harbor_harbor59.png,harbor_harbor,0.1980743408203125
harbor_harbor60.png,harbor_harbor,0.1691436767578125
harbor_harbor61.png,harbor_harbor,0.205718994140625
harbor_harbor62.png,harbor_harbor,0.135711669921875
harbor_harbor63.png,harbor_harbor,0.165435791015625
harbor_harbor64.png,harbor_harbor,0.1756439208984375
harbor_harbor65.png,harbor_harbor,0.18670654296875
harbor_harbor66.png,harbor_harbor,0.19610595703125
harbor_harbor67.png,harbor_harbor,0.1583404541015625
harbor_harbor68.png,harbor_harbor,0.1373748779296875
harbor_harbor69.png,harbor_harbor,0.13629150390625
harbor_harbor70.png,harbor_harbor,0.1216583251953125
harbor_harbor71.png,harbor_harbor,0.1321563720703125
harbor_harbor72.png,harbor_harbor,0.1203155517578125
harbor_harbor73.png,harbor_harbor,0.12237548828125
harbor_harbor74.png,harbor_harbor,0.1298675537109375
harbor_harbor75.png,harbor_harbor,0.1488189697265625
harbor_harbor76.png,harbor_harbor,0.1271209716796875
harbor_harbor77.png,harbor_harbor,0.1338348388671875
harbor_harbor78.png,harbor_harbor,0.1336669921875
harbor_harbor79.png,harbor_harbor,0.1253509521484375
harbor_harbor80.png,harbor_harbor,0.1070556640625
harbor_harbor81.png,harbor_harbor,0.126129150390625
harbor_harbor82.png,harbor_harbor,0.1817169189453125
harbor_harbor83.png,harbor_harbor,0.1821746826171875
harbor_harbor84.png,harbor_harbor,0.1520843505859375
harbor_harbor85.png,harbor_harbor,0.1402130126953125
harbor_harbor86.png,harbor_harbor,0.160369873046875
harbor_harbor87.png,harbor_harbor,0.1720733642578125
harbor_harbor88.png,harbor_harbor,0.147796630859375
harbor_harbor89.png,harbor_harbor,0.1447296142578125
harbor_harbor90.png,harbor_harbor,0.1707916259765625
harbor_harbor91.png,harbor_harbor,0.120635986328125
harbor_harbor92.png,harbor_harbor,0.146759033203125
harbor_harbor93.png,harbor_harbor,0.153167724609375
harbor_harbor94.png,harbor_harbor,0.142852783203125
harbor_harbor95.png,harbor_harbor,0.130218505859375
harbor_harbor96.png,harbor_harbor,0.09588623046875
harbor_harbor97.png,harbor_harbor,0.0557098388671875
harbor_harbor98.png,harbor_harbor,0.1424560546875
harbor_harbor99.png,harbor_harbor,0.1240234375
intersection_intersection00.png,intersection_intersection,0.1113433837890625
intersection_intersection01.png,intersection_intersection,0.141082763671875
intersection_intersection02.png,intersection_intersection,0.1637115478515625
intersection_intersection03.png,intersection_intersection,0.16082763671875
intersection_intersection04.png,intersection_intersection,0.1544036865234375
intersection_intersection05.png,intersection_intersection,0.1318511962890625
intersection_intersection06.png,intersection_intersection,0.1261444091796875
intersection_intersection07.png,intersection_intersection,0.09356689453125
intersection_intersection08.png,intersection_intersection,0.1176910400390625
intersection_intersection09.png,intersection_intersection,0.1394805908203125
intersection_intersection10.png,intersection_intersection,0.1376953125
intersection_intersection11.png,intersection_intersection,0.1269073486328125
intersection_intersection12.png,intersection_intersection,0.1503753662109375
intersection_intersection13.png,intersection_intersection,0.1181182861328125
intersection_intersection14.png,intersection_intersection,0.11895751953125
intersection_intersection15.png,intersection_intersection,0.1206817626953125
intersection_intersection16.png,intersection_intersection,0.0608673095703125
intersection_intersection17.png,intersection_intersection,0.1412506103515625
intersection_intersection18.png,intersection_intersection,0.130096435546875
intersection_intersection19.png,intersection_intersection,0.164794921875
intersection_intersection20.png,intersection_intersection,0.1416015625
intersection_intersection21.png,intersection_intersection,0.122589111328125
intersection_intersection22.png,intersection_intersection,0.0845184326171875
intersection_intersection23.png,intersection_intersection,0.1200714111328125
intersection_intersection24.png,intersection_intersection,0.1683502197265625
intersection_intersection25.png,intersection_intersection,0.1531524658203125
intersection_intersection26.png,intersection_intersection,0.0989837646484375
intersection_intersection27.png,intersection_intersection,0.1561431884765625
intersection_intersection28.png,intersection_intersection,0.1561431884765625
intersection_intersection29.png,intersection_intersection,0.1436920166015625
intersection_intersection30.png,intersection_intersection,0.1689605712890625
intersection_intersection31.png,intersection_intersection,0.1255950927734375
intersection_intersection32.png,intersection_intersection,0.1660308837890625
intersection_intersection33.png,intersection_intersection,0.153900146484375
intersection_intersection34.png,intersection_intersection,0.1246337890625
intersection_intersection35.png,intersection_intersection,0.1359710693359375
intersection_intersection36.png,intersection_intersection,0.1374359130859375
intersection_intersection37.png,intersection_intersection,0.131256103515625
intersection_intersection38.png,intersection_intersection,0.1309967041015625
intersection_intersection39.png,intersection_intersection,0.1303558349609375
intersection_intersection40.png,intersection_intersection,0.113433837890625
intersection_intersection41.png,intersection_intersection,0.164886474609375
intersection_intersection42.png,intersection_intersection,0.1576690673828125
intersection_intersection43.png,intersection_intersection,0.135101318359375
intersection_intersection44.png,intersection_intersection,0.0875396728515625
intersection_intersection45.png,intersection_intersection,0.101287841796875
intersection_intersection46.png,intersection_intersection,0.18707275390625
intersection_intersection47.png,intersection_intersection,0.117279052734375
intersection_intersection48.png,intersection_intersection,0.0811309814453125
intersection_intersection49.png,intersection_intersection,0.12774658203125
intersection_intersection50.png,intersection_intersection,0.109375
intersection_intersection51.png,intersection_intersection,0.08599853515625
intersection_intersection52.png,intersection_intersection,0.1122283935546875
intersection_intersection53.png,intersection_intersection,0.110687255859375
intersection_intersection54.png,intersection_intersection,0.114013671875
intersection_intersection55.png,intersection_intersection,0.1248016357421875
intersection_intersection56.png,intersection_intersection,0.1351318359375
intersection_intersection57.png,intersection_intersection,0.1683502197265625
intersection_intersection58.png,intersection_intersection,0.117401123046875
intersection_intersection59.png,intersection_intersection,0.192474365234375
intersection_intersection60.png,intersection_intersection,0.072357177734375
intersection_intersection61.png,intersection_intersection,0.0719146728515625
intersection_intersection62.png,intersection_intersection,0.1327972412109375
intersection_intersection63.png,intersection_intersection,0.1286468505859375
intersection_intersection64.png,intersection_intersection,0.089599609375
intersection_intersection65.png,intersection_intersection,0.1305694580078125
intersection_intersection66.png,intersection_intersection,0.1384124755859375
intersection_intersection67.png,intersection_intersection,0.1455841064453125
intersection_intersection68.png,intersection_intersection,0.131683349609375
intersection_intersection69.png,intersection_intersection,0.1667327880859375
intersection_intersection70.png,intersection_intersection,0.112579345703125
intersection_intersection71.png,intersection_intersection,0.1555328369140625
intersection_intersection72.png,intersection_intersection,0.119140625
intersection_intersection73.png,intersection_intersection,0.1284027099609375
intersection_intersection74.png,intersection_intersection,0.1265716552734375
intersection_intersection75.png,intersection_intersection,0.10174560546875
intersection_intersection76.png,intersection_intersection,0.0474090576171875
intersection_intersection77.png,intersection_intersection,0.0643310546875
intersection_intersection78.png,intersection_intersection,0.0989990234375
intersection_intersection79.png,intersection_intersection,0.218780517578125
intersection_intersection80.png,intersection_intersection,0.2142181396484375
intersection_intersection81.png,intersection_intersection,0.206390380859375
intersection_intersection82.png,intersection_intersection,0.22979736328125
intersection_intersection83.png,intersection_intersection,0.2106781005859375
intersection_intersection84.png,intersection_intersection,0.05322265625
intersection_intersection85.png,intersection_intersection,0.1037445068359375
intersection_intersection86.png,intersection_intersection,0.10040283203125
intersection_intersection87.png,intersection_intersection,0.1046295166015625
intersection_intersection88.png,intersection_intersection,0.1120758056640625
intersection_intersection89.png,intersection_intersection,0.113800048828125
intersection_intersection90.png,intersection_intersection,0.1005096435546875
intersection_intersection91.png,intersection_intersection,0.177764892578125
intersection_intersection92.png,intersection_intersection,0.1519317626953125
intersection_intersection93.png,intersection_intersection,0.0946502685546875
intersection_intersection94.png,intersection_intersection,0.123565673828125
intersection_intersection95.png,intersection_intersection,0.1516265869140625
intersection_intersection96.png,intersection_intersection,0.14434814453125
intersection_intersection97.png,intersection_intersection,0.1304931640625
intersection_intersection98.png,intersection_intersection,0.1325225830078125
intersection_intersection99.png,intersection_intersection,0.1190643310546875
mediumresidential_mediumresidential00.png,mediumresidential_mediumresidential,0.2140960693359375
mediumresidential_mediumresidential01.png,mediumresidential_mediumresidential,0.1695404052734375
mediumresidential_mediumresidential02.png,mediumresidential_mediumresidential,0.1827850341796875
mediumresidential_mediumresidential03.png,mediumresidential_mediumresidential,0.177154541015625
mediumresidential_mediumresidential04.png,mediumresidential_mediumresidential,0.1424102783203125
mediumresidential_mediumresidential05.png,mediumresidential_mediumresidential,0.1384124755859375
mediumresidential_mediumresidential06.png,mediumresidential_mediumresidential,0.141632080078125
mediumresidential_mediumresidential07.png,mediumresidential_mediumresidential,0.139801025390625
mediumresidential_mediumresidential08.png,mediumresidential_mediumresidential,0.19927978515625
mediumresidential_mediumresidential09.png,mediumresidential_mediumresidential,0.1923828125
mediumresidential_mediumresidential10.png,mediumresidential_mediumresidential,0.1881561279296875
mediumresidential_mediumresidential11.png,mediumresidential_mediumresidential,0.2136688232421875
mediumresidential_mediumresidential12.png,mediumresidential_mediumresidential,0.246612548828125
mediumresidential_mediumresidential13.png,mediumresidential_mediumresidential,0.2130584716796875
mediumresidential_mediumresidential14.png,mediumresidential_mediumresidential,0.1992645263671875
mediumresidential_mediumresidential15.png,mediumresidential_mediumresidential,0.2041168212890625
mediumresidential_mediumresidential16.png,mediumresidential_mediumresidential,0.2166290283203125
mediumresidential_mediumresidential17.png,mediumresidential_mediumresidential,0.2077789306640625
mediumresidential_mediumresidential18.png,mediumresidential_mediumresidential,0.239013671875
mediumresidential_mediumresidential19.png,mediumresidential_mediumresidential,0.142578125
mediumresidential_mediumresidential20.png,mediumresidential_mediumresidential,0.19146728515625
mediumresidential_mediumresidential21.png,mediumresidential_mediumresidential,0.2138214111328125
mediumresidential_mediumresidential22.png,mediumresidential_mediumresidential,0.1966400146484375
mediumresidential_mediumresidential23.png,mediumresidential_mediumresidential,0.1482086181640625
mediumresidential_mediumresidential24.png,mediumresidential_mediumresidential,0.2501068115234375
mediumresidential_mediumresidential25.png,mediumresidential_mediumresidential,0.2519378662109375
mediumresidential_mediumresidential26.png,mediumresidential_mediumresidential,0.2043914794921875
mediumresidential_mediumresidential27.png,mediumresidential_mediumresidential,0.1724090576171875
mediumresidential_mediumresidential28.png,mediumresidential_mediumresidential,0.1645355224609375
mediumresidential_mediumresidential29.png,mediumresidential_mediumresidential,0.1608428955078125
mediumresidential_mediumresidential30.png,mediumresidential_mediumresidential,0.1749725341796875
mediumresidential_mediumresidential31.png,mediumresidential_mediumresidential,0.178558349609375
mediumresidential_mediumresidential32.png,mediumresidential_mediumresidential,0.1689300537109375
mediumresidential_mediumresidential33.png,mediumresidential_mediumresidential,0.1630096435546875
mediumresidential_mediumresidential34.png,mediumresidential_mediumresidential,0.1351776123046875
mediumresidential_mediumresidential35.png,mediumresidential_mediumresidential,0.155242919921875
mediumresidential_mediumresidential36.png,mediumresidential_mediumresidential,0.132904052734375
mediumresidential_mediumresidential37.png,mediumresidential_mediumresidential,0.1573638916015625
mediumresidential_mediumresidential38.png,mediumresidential_mediumresidential,0.144012451171875
mediumresidential_mediumresidential39.png,mediumresidential_mediumresidential,0.13348388671875
mediumresidential_mediumresidential40.png,mediumresidential_mediumresidential,0.154205322265625
mediumresidential_mediumresidential41.png,mediumresidential_mediumresidential,0.1432952880859375
mediumresidential_mediumresidential42.png,mediumresidential_mediumresidential,0.15325927734375
mediumresidential_mediumresidential43.png,mediumresidential_mediumresidential,0.13671875
mediumresidential_mediumresidential44.png,mediumresidential_mediumresidential,0.1630401611328125
mediumresidential_mediumresidential45.png,mediumresidential_mediumresidential,0.164306640625
mediumresidential_mediumresidential46.png,mediumresidential_mediumresidential,0.1539764404296875
mediumresidential_mediumresidential47.png,mediumresidential_mediumresidential,0.164306640625
mediumresidential_mediumresidential48.png,mediumresidential_mediumresidential,0.1605377197265625
mediumresidential_mediumresidential49.png,mediumresidential_mediumresidential,0.153045654296875
mediumresidential_mediumresidential50.png,mediumresidential_mediumresidential,0.16912841796875
mediumresidential_mediumresidential51.png,mediumresidential_mediumresidential,0.151580810546875
mediumresidential_mediumresidential52.png,mediumresidential_mediumresidential,0.1404876708984375
mediumresidential_mediumresidential53.png,mediumresidential_mediumresidential,0.170318603515625
mediumresidential_mediumresidential54.png,mediumresidential_mediumresidential,0.1358642578125
mediumresidential_mediumresidential55.png,mediumresidential_mediumresidential,0.1376800537109375
mediumresidential_mediumresidential56.png,mediumresidential_mediumresidential,0.2058258056640625
mediumresidential_mediumresidential57.png,mediumresidential_mediumresidential,0.1985931396484375
mediumresidential_mediumresidential58.png,mediumresidential_mediumresidential,0.1873016357421875
mediumresidential_mediumresidential59.png,mediumresidential_mediumresidential,0.2063751220703125
mediumresidential_mediumresidential60.png,mediumresidential_mediumresidential,0.194427490234375
mediumresidential_mediumresidential61.png,mediumresidential_mediumresidential,0.1905670166015625
mediumresidential_mediumresidential62.png,mediumresidential_mediumresidential,0.206878662109375
mediumresidential_mediumresidential63.png,mediumresidential_mediumresidential,0.203216552734375
mediumresidential_mediumresidential64.png,mediumresidential_mediumresidential,0.16680908203125
mediumresidential_mediumresidential65.png,mediumresidential_mediumresidential,0.1804962158203125
mediumresidential_mediumresidential66.png,mediumresidential_mediumresidential,0.1818389892578125
mediumresidential_mediumresidential67.png,mediumresidential_mediumresidential,0.1530303955078125
mediumresidential_mediumresidential68.png,mediumresidential_mediumresidential,0.162506103515625
mediumresidential_mediumresidential69.png,mediumresidential_mediumresidential,0.231170654296875
mediumresidential_mediumresidential70.png,mediumresidential_mediumresidential,0.217254638671875
mediumresidential_mediumresidential71.png,mediumresidential_mediumresidential,0.2142791748046875
mediumresidential_mediumresidential72.png,mediumresidential_mediumresidential,0.2230987548828125
mediumresidential_mediumresidential73.png,mediumresidential_mediumresidential,0.2519989013671875
mediumresidential_mediumresidential74.png,mediumresidential_mediumresidential,0.2048492431640625
mediumresidential_mediumresidential75.png,mediumresidential_mediumresidential,0.2352752685546875
mediumresidential_mediumresidential76.png,mediumresidential_mediumresidential,0.0851898193359375
mediumresidential_mediumresidential77.png,mediumresidential_mediumresidential,0.0677642822265625
mediumresidential_mediumresidential78.png,mediumresidential_mediumresidential,0.0674591064453125
mediumresidential_mediumresidential79.png,mediumresidential_mediumresidential,0.072784423828125
mediumresidential_mediumresidential80.png,mediumresidential_mediumresidential,0.07171630859375
mediumresidential_mediumresidential81.png,mediumresidential_mediumresidential,0.207611083984375
mediumresidential_mediumresidential82.png,mediumresidential_mediumresidential,0.1900177001953125
mediumresidential_mediumresidential83.png,mediumresidential_mediumresidential,0.18231201171875
mediumresidential_mediumresidential84.png,mediumresidential_mediumresidential,0.1755523681640625
mediumresidential_mediumresidential85.png,mediumresidential_mediumresidential,0.152191162109375
mediumresidential_mediumresidential86.png,mediumresidential_mediumresidential,0.1892547607421875
mediumresidential_mediumresidential87.png,mediumresidential_mediumresidential,0.16912841796875
mediumresidential_mediumresidential88.png,mediumresidential_mediumresidential,0.09161376953125
mediumresidential_mediumresidential89.png,mediumresidential_mediumresidential,0.06207275390625
mediumresidential_mediumresidential90.png,mediumresidential_mediumresidential,0.107818603515625
mediumresidential_mediumresidential91.png,mediumresidential_mediumresidential,0.126434326171875
mediumresidential_mediumresidential92.png,mediumresidential_mediumresidential,0.19366455078125
mediumresidential_mediumresidential93.png,mediumresidential_mediumresidential,0.0879669189453125
mediumresidential_mediumresidential94.png,mediumresidential_mediumresidential,0.1424407958984375
mediumresidential_mediumresidential95.png,mediumresidential_mediumresidential,0.1292724609375
mediumresidential_mediumresidential96.png,mediumresidential_mediumresidential,0.143402099609375
mediumresidential_mediumresidential97.png,mediumresidential_mediumresidential,0.1675872802734375
mediumresidential_mediumresidential98.png,mediumresidential_mediumresidential,0.1378173828125
mediumresidential_mediumresidential99.png,mediumresidential_mediumresidential,0.1363677978515625
mobilehomepark_mobilehomepark00.png,mobilehomepark_mobilehomepark,0.215667724609375
mobilehomepark_mobilehomepark01.png,mobilehomepark_mobilehomepark,0.2088775634765625
mobilehomepark_mobilehomepark02.png,mobilehomepark_mobilehomepark,0.1405029296875
mobilehomepark_mobilehomepark03.png,mobilehomepark_mobilehomepark,0.1680145263671875
mobilehomepark_mobilehomepark04.png,mobilehomepark_mobilehomepark,0.1561279296875
mobilehomepark_mobilehomepark05.png,mobilehomepark_mobilehomepark,0.172393798828125
mobilehomepark_mobilehomepark06.png,mobilehomepark_mobilehomepark,0.1797332763671875
mobilehomepark_mobilehomepark07.png,mobilehomepark_mobilehomepark,0.1405792236328125
mobilehomepark_mobilehomepark08.png,mobilehomepark_mobilehomepark,0.155364990234375
mobilehomepark_mobilehomepark09.png,mobilehomepark_mobilehomepark,0.1600494384765625
mobilehomepark_mobilehomepark10.png,mobilehomepark_mobilehomepark,0.1306304931640625
mobilehomepark_mobilehomepark11.png,mobilehomepark_mobilehomepark,0.1296844482421875
mobilehomepark_mobilehomepark12.png,mobilehomepark_mobilehomepark,0.1661529541015625
mobilehomepark_mobilehomepark13.png,mobilehomepark_mobilehomepark,0.14630126953125
mobilehomepark_mobilehomepark14.png,mobilehomepark_mobilehomepark,0.1328125
mobilehomepark_mobilehomepark15.png,mobilehomepark_mobilehomepark,0.146484375
mobilehomepark_mobilehomepark16.png,mobilehomepark_mobilehomepark,0.1552276611328125
mobilehomepark_mobilehomepark17.png,mobilehomepark_mobilehomepark,0.165191650390625
mobilehomepark_mobilehomepark18.png,mobilehomepark_mobilehomepark,0.1880340576171875
mobilehomepark_mobilehomepark19.png,mobilehomepark_mobilehomepark,0.17340087890625
mobilehomepark_mobilehomepark20.png,mobilehomepark_mobilehomepark,0.1614990234375
mobilehomepark_mobilehomepark21.png,mobilehomepark_mobilehomepark,0.169921875
mobilehomepark_mobilehomepark22.png,mobilehomepark_mobilehomepark,0.1707000732421875
mobilehomepark_mobilehomepark23.png,mobilehomepark_mobilehomepark,0.1823272705078125
mobilehomepark_mobilehomepark24.png,mobilehomepark_mobilehomepark,0.1882476806640625
mobilehomepark_mobilehomepark25.png,mobilehomepark_mobilehomepark,0.1668243408203125
mobilehomepark_mobilehomepark26.png,mobilehomepark_mobilehomepark,0.2034149169921875
mobilehomepark_mobilehomepark27.png,mobilehomepark_mobilehomepark,0.12066650390625
mobilehomepark_mobilehomepark28.png,mobilehomepark_mobilehomepark,0.142425537109375
mobilehomepark_mobilehomepark29.png,mobilehomepark_mobilehomepark,0.12420654296875
mobilehomepark_mobilehomepark30.png,mobilehomepark_mobilehomepark,0.1609954833984375
mobilehomepark_mobilehomepark31.png,mobilehomepark_mobilehomepark,0.1334991455078125
mobilehomepark_mobilehomepark32.png,mobilehomepark_mobilehomepark,0.1533050537109375
mobilehomepark_mobilehomepark33.png,mobilehomepark_mobilehomepark,0.1642303466796875
mobilehomepark_mobilehomepark34.png,mobilehomepark_mobilehomepark,0.1527557373046875
mobilehomepark_mobilehomepark35.png,mobilehomepark_mobilehomepark,0.1516876220703125
mobilehomepark_mobilehomepark36.png,mobilehomepark_mobilehomepark,0.152252197265625
mobilehomepark_mobilehomepark37.png,mobilehomepark_mobilehomepark,0.15411376953125
mobilehomepark_mobilehomepark38.png,mobilehomepark_mobilehomepark,0.1458282470703125
mobilehomepark_mobilehomepark39.png,mobilehomepark_mobilehomepark,0.1532135009765625
mobilehomepark_mobilehomepark40.png,mobilehomepark_mobilehomepark,0.1548004150390625
mobilehomepark_mobilehomepark41.png,mobilehomepark_mobilehomepark,0.1503753662109375
mobilehomepark_mobilehomepark42.png,mobilehomepark_mobilehomepark,0.1418609619140625
mobilehomepark_mobilehomepark43.png,mobilehomepark_mobilehomepark,0.153350830078125
mobilehomepark_mobilehomepark44.png,mobilehomepark_mobilehomepark,0.155609130859375
mobilehomepark_mobilehomepark45.png,mobilehomepark_mobilehomepark,0.1450958251953125
mobilehomepark_mobilehomepark46.png,mobilehomepark_mobilehomepark,0.14898681640625
mobilehomepark_mobilehomepark47.png,mobilehomepark_mobilehomepark,0.1455841064453125
mobilehomepark_mobilehomepark48.png,mobilehomepark_mobilehomepark,0.142242431640625
mobilehomepark_mobilehomepark49.png,mobilehomepark_mobilehomepark,0.124298095703125
mobilehomepark_mobilehomepark50.png,mobilehomepark_mobilehomepark,0.132843017578125
mobilehomepark_mobilehomepark51.png,mobilehomepark_mobilehomepark,0.13494873046875
mobilehomepark_mobilehomepark52.png,mobilehomepark_mobilehomepark,0.126251220703125
mobilehomepark_mobilehomepark53.png,mobilehomepark_mobilehomepark,0.1359405517578125
mobilehomepark_mobilehomepark54.png,mobilehomepark_mobilehomepark,0.116302490234375
mobilehomepark_mobilehomepark55.png,mobilehomepark_mobilehomepark,0.119873046875
mobilehomepark_mobilehomepark56.png,mobilehomepark_mobilehomepark,0.1322479248046875
mobilehomepark_mobilehomepark57.png,mobilehomepark_mobilehomepark,0.1190643310546875
mobilehomepark_mobilehomepark58.png,mobilehomepark_mobilehomepark,0.134124755859375
mobilehomepark_mobilehomepark59.png,mobilehomepark_mobilehomepark,0.1321868896484375
mobilehomepark_mobilehomepark60.png,mobilehomepark_mobilehomepark,0.1363983154296875
mobilehomepark_mobilehomepark61.png,mobilehomepark_mobilehomepark,0.1236114501953125
mobilehomepark_mobilehomepark62.png,mobilehomepark_mobilehomepark,0.134033203125
mobilehomepark_mobilehomepark63.png,mobilehomepark_mobilehomepark,0.1155548095703125
mobilehomepark_mobilehomepark64.png,mobilehomepark_mobilehomepark,0.12103271484375
mobilehomepark_mobilehomepark65.png,mobilehomepark_mobilehomepark,0.1174468994140625
mobilehomepark_mobilehomepark66.png,mobilehomepark_mobilehomepark,0.12030029296875
mobilehomepark_mobilehomepark67.png,mobilehomepark_mobilehomepark,0.1470184326171875
mobilehomepark_mobilehomepark68.png,mobilehomepark_mobilehomepark,0.14593505859375
mobilehomepark_mobilehomepark69.png,mobilehomepark_mobilehomepark,0.1264801025390625
mobilehomepark_mobilehomepark70.png,mobilehomepark_mobilehomepark,0.1488189697265625
mobilehomepark_mobilehomepark71.png,mobilehomepark_mobilehomepark,0.189666748046875
mobilehomepark_mobilehomepark72.png,mobilehomepark_mobilehomepark,0.1431884765625
mobilehomepark_mobilehomepark73.png,mobilehomepark_mobilehomepark,0.175323486328125
mobilehomepark_mobilehomepark74.png,mobilehomepark_mobilehomepark,0.1994171142578125
mobilehomepark_mobilehomepark75.png,mobilehomepark_mobilehomepark,0.2438201904296875
mobilehomepark_mobilehomepark76.png,mobilehomepark_mobilehomepark,0.23321533203125
mobilehomepark_mobilehomepark77.png,mobilehomepark_mobilehomepark,0.195465087890625
mobilehomepark_mobilehomepark78.png,mobilehomepark_mobilehomepark,0.2267303466796875
mobilehomepark_mobilehomepark79.png,mobilehomepark_mobilehomepark,0.2090606689453125
mobilehomepark_mobilehomepark80.png,mobilehomepark_mobilehomepark,0.21453857421875
mobilehomepark_mobilehomepark81.png,mobilehomepark_mobilehomepark,0.2088165283203125
mobilehomepark_mobilehomepark82.png,mobilehomepark_mobilehomepark,0.287872314453125
mobilehomepark_mobilehomepark83.png,mobilehomepark_mobilehomepark,0.2534942626953125
mobilehomepark_mobilehomepark84.png,mobilehomepark_mobilehomepark,0.269287109375
mobilehomepark_mobilehomepark85.png,mobilehomepark_mobilehomepark,0.2599334716796875
mobilehomepark_mobilehomepark86.png,mobilehomepark_mobilehomepark,0.2675018310546875
mobilehomepark_mobilehomepark87.png,mobilehomepark_mobilehomepark,0.24237060546875
mobilehomepark_mobilehomepark88.png,mobilehomepark_mobilehomepark,0.263031005859375
mobilehomepark_mobilehomepark89.png,mobilehomepark_mobilehomepark,0.227081298828125
mobilehomepark_mobilehomepark90.png,mobilehomepark_mobilehomepark,0.2209930419921875
mobilehomepark_mobilehomepark91.png,mobilehomepark_mobilehomepark,0.2259368896484375
mobilehomepark_mobilehomepark92.png,mobilehomepark_mobilehomepark,0.2310943603515625
mobilehomepark_mobilehomepark93.png,mobilehomepark_mobilehomepark,0.2256011962890625
mobilehomepark_mobilehomepark94.png,mobilehomepark_mobilehomepark,0.244842529296875
mobilehomepark_mobilehomepark95.png,mobilehomepark_mobilehomepark,0.2569122314453125
mobilehomepark_mobilehomepark96.png,mobilehomepark_mobilehomepark,0.236968994140625
mobilehomepark_mobilehomepark97.png,mobilehomepark_mobilehomepark,0.2342987060546875
mobilehomepark_mobilehomepark98.png,mobilehomepark_mobilehomepark,0.21343994140625
mobilehomepark_mobilehomepark99.png,mobilehomepark_mobilehomepark,0.2850189208984375
overpass_overpass00.png,overpass_overpass,0.0981597900390625
overpass_overpass01.png,overpass_overpass,0.0944671630859375
overpass_overpass02.png,overpass_overpass,0.102874755859375
overpass_overpass03.png,overpass_overpass,0.1110382080078125
overpass_overpass04.png,overpass_overpass,0.1147308349609375
overpass_overpass05.png,overpass_overpass,0.133453369140625
overpass_overpass06.png,overpass_overpass,0.1657562255859375
overpass_overpass07.png,overpass_overpass,0.1097259521484375
overpass_overpass08.png,overpass_overpass,0.1130828857421875
overpass_overpass09.png,overpass_overpass,0.1067047119140625
overpass_overpass10.png,overpass_overpass,0.1221466064453125
overpass_overpass11.png,overpass_overpass,0.1016693115234375
overpass_overpass12.png,overpass_overpass,0.12109375
overpass_overpass13.png,overpass_overpass,0.174224853515625
overpass_overpass14.png,overpass_overpass,0.1846771240234375
overpass_overpass15.png,overpass_overpass,0.09100341796875
overpass_overpass16.png,overpass_overpass,0.057373046875
overpass_overpass17.png,overpass_overpass,0.0513458251953125
overpass_overpass18.png,overpass_overpass,0.0494842529296875
overpass_overpass19.png,overpass_overpass,0.064727783203125
overpass_overpass20.png,overpass_overpass,0.1063232421875
overpass_overpass21.png,overpass_overpass,0.06829833984375
overpass_overpass22.png,overpass_overpass,0.0881805419921875
overpass_overpass23.png,overpass_overpass,0.0989990234375
overpass_overpass24.png,overpass_overpass,0.0998382568359375
overpass_overpass25.png,overpass_overpass,0.0877685546875
overpass_overpass26.png,overpass_overpass,0.1922454833984375
overpass_overpass27.png,overpass_overpass,0.1576690673828125
overpass_overpass28.png,overpass_overpass,0.0935211181640625
overpass_overpass29.png,overpass_overpass,0.12689208984375
overpass_overpass30.png,overpass_overpass,0.1514129638671875
overpass_overpass31.png,overpass_overpass,0.112945556640625
overpass_overpass32.png,overpass_overpass,0.1498260498046875
overpass_overpass33.png,overpass_overpass,0.116424560546875
overpass_overpass34.png,overpass_overpass,0.11566162109375
overpass_overpass35.png,overpass_overpass,0.1237640380859375
overpass_overpass36.png,overpass_overpass,0.0889739990234375
overpass_overpass37.png,overpass_overpass,0.1298370361328125
overpass_overpass38.png,overpass_overpass,0.152069091796875
overpass_overpass39.png,overpass_overpass,0.147613525390625
overpass_overpass40.png,overpass_overpass,0.1602630615234375
overpass_overpass41.png,overpass_overpass,0.082061767578125
overpass_overpass42.png,overpass_overpass,0.0977630615234375
overpass_overpass43.png,overpass_overpass,0.0853424072265625
overpass_overpass44.png,overpass_overpass,0.0834197998046875
overpass_overpass45.png,overpass_overpass,0.0996551513671875
overpass_overpass46.png,overpass_overpass,0.100799560546875
overpass_overpass47.png,overpass_overpass,0.069183349609375
overpass_overpass48.png,overpass_overpass,0.0872650146484375
overpass_overpass49.png,overpass_overpass,0.1362762451171875
overpass_overpass50.png,overpass_overpass,0.084014892578125
overpass_overpass51.png,overpass_overpass,0.094390869140625
overpass_overpass52.png,overpass_overpass,0.1020050048828125
overpass_overpass53.png,overpass_overpass,0.1475982666015625
overpass_overpass54.png,overpass_overpass,0.1388702392578125
overpass_overpass55.png,overpass_overpass,0.143096923828125
overpass_overpass56.png,overpass_overpass,0.0849609375
overpass_overpass57.png,overpass_overpass,0.1212921142578125
overpass_overpass58.png,overpass_overpass,0.12176513671875
overpass_overpass59.png,overpass_overpass,0.1059417724609375
overpass_overpass60.png,overpass_overpass,0.1191558837890625
overpass_overpass61.png,overpass_overpass,0.0848388671875
overpass_overpass62.png,overpass_overpass,0.102142333984375
overpass_overpass63.png,overpass_overpass,0.133453369140625
overpass_overpass64.png,overpass_overpass,0.0879974365234375
overpass_overpass65.png,overpass_overpass,0.087860107421875
overpass_overpass66.png,overpass_overpass,0.0652923583984375
overpass_overpass67.png,overpass_overpass,0.05645751953125
overpass_overpass68.png,overpass_overpass,0.0667266845703125
overpass_overpass69.png,overpass_overpass,0.0765838623046875
overpass_overpass70.png,overpass_overpass,0.0652313232421875
overpass_overpass71.png,overpass_overpass,0.07635498046875
overpass_overpass72.png,overpass_overpass,0.115570068359375
overpass_overpass73.png,overpass_overpass,0.1099700927734375
overpass_overpass74.png,overpass_overpass,0.076324462890625
overpass_overpass75.png,overpass_overpass,0.0968475341796875
overpass_overpass76.png,overpass_overpass,0.121612548828125
overpass_overpass77.png,overpass_overpass,0.1188507080078125
overpass_overpass78.png,overpass_overpass,0.0675201416015625
overpass_overpass79.png,overpass_overpass,0.070892333984375
overpass_overpass80.png,overpass_overpass,0.098236083984375
overpass_overpass81.png,overpass_overpass,0.1596221923828125
overpass_overpass82.png,overpass_overpass,0.1208343505859375
overpass_overpass83.png,overpass_overpass,0.144195556640625
overpass_overpass84.png,overpass_overpass,0.13873291015625
overpass_overpass85.png,overpass_overpass,0.14202880859375
overpass_overpass86.png,overpass_overpass,0.147796630859375
overpass_overpass87.png,overpass_overpass,0.1484375
overpass_overpass88.png,overpass_overpass,0.1203155517578125
overpass_overpass89.png,overpass_overpass,0.1121978759765625
overpass_overpass90.png,overpass_overpass,0.173675537109375
overpass_overpass91.png,overpass_overpass,0.1145477294921875
overpass_overpass92.png,overpass_overpass,0.177825927734375
overpass_overpass93.png,overpass_overpass,0.0970458984375
overpass_overpass94.png,overpass_overpass,0.0860443115234375
overpass_overpass95.png,overpass_overpass,0.1085968017578125
overpass_overpass96.png,overpass_overpass,0.0776519775390625
overpass_overpass97.png,overpass_overpass,0.093414306640625
overpass_overpass98.png,overpass_overpass,0.12249755859375
overpass_overpass99.png,overpass_overpass,0.1212005615234375
parkinglot_parkinglot00.png,parkinglot_parkinglot,0.1005706787109375
parkinglot_parkinglot01.png,parkinglot_parkinglot,0.167236328125
parkinglot_parkinglot02.png,parkinglot_parkinglot,0.1710968017578125
parkinglot_parkinglot03.png,parkinglot_parkinglot,0.1563873291015625
parkinglot_parkinglot04.png,parkinglot_parkinglot,0.182037353515625
parkinglot_parkinglot05.png,parkinglot_parkinglot,0.1665496826171875
parkinglot_parkinglot06.png,parkinglot_parkinglot,0.156951904296875
parkinglot_parkinglot07.png,parkinglot_parkinglot,0.1643524169921875
parkinglot_parkinglot08.png,parkinglot_parkinglot,0.1726226806640625
parkinglot_parkinglot09.png,parkinglot_parkinglot,0.1533050537109375
parkinglot_parkinglot10.png,parkinglot_parkinglot,0.1262054443359375
parkinglot_parkinglot11.png,parkinglot_parkinglot,0.1541748046875
parkinglot_parkinglot12.png,parkinglot_parkinglot,0.1326141357421875
parkinglot_parkinglot13.png,parkinglot_parkinglot,0.1701202392578125
parkinglot_parkinglot14.png,parkinglot_parkinglot,0.16607666015625
parkinglot_parkinglot15.png,parkinglot_parkinglot,0.1497344970703125
parkinglot_parkinglot16.png,parkinglot_parkinglot,0.161865234375
parkinglot_parkinglot17.png,parkinglot_parkinglot,0.1606903076171875
parkinglot_parkinglot18.png,parkinglot_parkinglot,0.1065521240234375
parkinglot_parkinglot19.png,parkinglot_parkinglot,0.1172637939453125
parkinglot_parkinglot20.png,parkinglot_parkinglot,0.191162109375
parkinglot_parkinglot21.png,parkinglot_parkinglot,0.2037811279296875
parkinglot_parkinglot22.png,parkinglot_parkinglot,0.1478729248046875
parkinglot_parkinglot23.png,parkinglot_parkinglot,0.1764373779296875
parkinglot_parkinglot24.png,parkinglot_parkinglot,0.152313232421875
parkinglot_parkinglot25.png,parkinglot_parkinglot,0.1627044677734375
parkinglot_parkinglot26.png,parkinglot_parkinglot,0.1514892578125
parkinglot_parkinglot27.png,parkinglot_parkinglot,0.17626953125
parkinglot_parkinglot28.png,parkinglot_parkinglot,0.2193145751953125
parkinglot_parkinglot29.png,parkinglot_parkinglot,0.19781494140625
parkinglot_parkinglot30.png,parkinglot_parkinglot,0.184539794921875
parkinglot_parkinglot31.png,parkinglot_parkinglot,0.2077484130859375
parkinglot_parkinglot32.png,parkinglot_parkinglot,0.172149658203125
parkinglot_parkinglot33.png,parkinglot_parkinglot,0.187469482421875
parkinglot_parkinglot34.png,parkinglot_parkinglot,0.1604766845703125
parkinglot_parkinglot35.png,parkinglot_parkinglot,0.1665802001953125
parkinglot_parkinglot36.png,parkinglot_parkinglot,0.1636199951171875
parkinglot_parkinglot37.png,parkinglot_parkinglot,0.1379241943359375
parkinglot_parkinglot38.png,parkinglot_parkinglot,0.2020721435546875
parkinglot_parkinglot39.png,parkinglot_parkinglot,0.1707916259765625
parkinglot_parkinglot40.png,parkinglot_parkinglot,0.17138671875
parkinglot_parkinglot41.png,parkinglot_parkinglot,0.161895751953125
parkinglot_parkinglot42.png,parkinglot_parkinglot,0.1703948974609375
parkinglot_parkinglot43.png,parkinglot_parkinglot,0.1812744140625
parkinglot_parkinglot44.png,parkinglot_parkinglot,0.1650848388671875
parkinglot_parkinglot45.png,parkinglot_parkinglot,0.1688079833984375
parkinglot_parkinglot46.png,parkinglot_parkinglot,0.1881866455078125
parkinglot_parkinglot47.png,parkinglot_parkinglot,0.158111572265625
parkinglot_parkinglot48.png,parkinglot_parkinglot,0.1362457275390625
parkinglot_parkinglot49.png,parkinglot_parkinglot,0.162567138671875
parkinglot_parkinglot50.png,parkinglot_parkinglot,0.1656341552734375
parkinglot_parkinglot51.png,parkinglot_parkinglot,0.1976165771484375
parkinglot_parkinglot52.png,parkinglot_parkinglot,0.149383544921875
parkinglot_parkinglot53.png,parkinglot_parkinglot,0.19757080078125
parkinglot_parkinglot54.png,parkinglot_parkinglot,0.167083740234375
parkinglot_parkinglot55.png,parkinglot_parkinglot,0.179534912109375
parkinglot_parkinglot56.png,parkinglot_parkinglot,0.16400146484375
parkinglot_parkinglot57.png,parkinglot_parkinglot,0.1820220947265625
parkinglot_parkinglot58.png,parkinglot_parkinglot,0.203155517578125
parkinglot_parkinglot59.png,parkinglot_parkinglot,0.168487548828125
parkinglot_parkinglot60.png,parkinglot_parkinglot,0.1466522216796875
parkinglot_parkinglot61.png,parkinglot_parkinglot,0.1414642333984375
parkinglot_parkinglot62.png,parkinglot_parkinglot,0.1489105224609375
parkinglot_parkinglot63.png,parkinglot_parkinglot,0.1605224609375
parkinglot_parkinglot64.png,parkinglot_parkinglot,0.170562744140625
parkinglot_parkinglot65.png,parkinglot_parkinglot,0.1652984619140625
parkinglot_parkinglot66.png,parkinglot_parkinglot,0.1475982666015625
parkinglot_parkinglot67.png,parkinglot_parkinglot,0.16510009765625
parkinglot_parkinglot68.png,parkinglot_parkinglot,0.1934051513671875
parkinglot_parkinglot69.png,parkinglot_parkinglot,0.1453704833984375
parkinglot_parkinglot70.png,parkinglot_parkinglot,0.1673126220703125
parkinglot_parkinglot71.png,parkinglot_parkinglot,0.1851959228515625
parkinglot_parkinglot72.png,parkinglot_parkinglot,0.1726531982421875
parkinglot_parkinglot73.png,parkinglot_parkinglot,0.1726531982421875
parkinglot_parkinglot74.png,parkinglot_parkinglot,0.195892333984375
parkinglot_parkinglot75.png,parkinglot_parkinglot,0.1806182861328125
parkinglot_parkinglot76.png,parkinglot_parkinglot,0.1428070068359375
parkinglot_parkinglot77.png,parkinglot_parkinglot,0.15362548828125
parkinglot_parkinglot78.png,parkinglot_parkinglot,0.216033935546875
parkinglot_parkinglot79.png,parkinglot_parkinglot,0.18731689453125
parkinglot_parkinglot80.png,parkinglot_parkinglot,0.201904296875
parkinglot_parkinglot81.png,parkinglot_parkinglot,0.186248779296875
parkinglot_parkinglot82.png,parkinglot_parkinglot,0.157928466796875
parkinglot_parkinglot83.png,parkinglot_parkinglot,0.1778411865234375
parkinglot_parkinglot84.png,parkinglot_parkinglot,0.1734619140625
parkinglot_parkinglot85.png,parkinglot_parkinglot,0.1612091064453125
parkinglot_parkinglot86.png,parkinglot_parkinglot,0.1541748046875
parkinglot_parkinglot87.png,parkinglot_parkinglot,0.1404876708984375
parkinglot_parkinglot88.png,parkinglot_parkinglot,0.17578125
parkinglot_parkinglot89.png,parkinglot_parkinglot,0.1796112060546875
parkinglot_parkinglot90.png,parkinglot_parkinglot,0.1980743408203125
parkinglot_parkinglot91.png,parkinglot_parkinglot,0.198822021484375
parkinglot_parkinglot92.png,parkinglot_parkinglot,0.191619873046875
parkinglot_parkinglot93.png,parkinglot_parkinglot,0.1910552978515625
parkinglot_parkinglot94.png,parkinglot_parkinglot,0.1994476318359375
parkinglot_parkinglot95.png,parkinglot_parkinglot,0.185333251953125
parkinglot_parkinglot96.png,parkinglot_parkinglot,0.177490234375
parkinglot_parkinglot97.png,parkinglot_parkinglot,0.16766357421875
parkinglot_parkinglot98.png,parkinglot_parkinglot,0.2049713134765625
parkinglot_parkinglot99.png,parkinglot_parkinglot,0.149383544921875
river_river00.png,river_river,0.2071075439453125
river_river01.png,river_river,0.2378387451171875
river_river02.png,river_river,0.2569427490234375
river_river03.png,river_river,0.2318115234375
river_river04.png,river_river,0.2432403564453125
river_river05.png,river_river,0.05670166015625
river_river06.png,river_river,0.05316162109375
river_river07.png,river_river,0.0970001220703125
river_river08.png,river_river,0.0291595458984375
river_river09.png,river_river,0.0549163818359375
river_river10.png,river_river,0.1406402587890625
river_river11.png,river_river,0.250244140625
river_river12.png,river_river,0.1715240478515625
river_river13.png,river_river,0.2442169189453125
river_river14.png,river_river,0.1836395263671875
river_river15.png,river_river,0.1535491943359375
river_river16.png,river_river,0.1957244873046875
river_river17.png,river_river,0.17779541015625
river_river18.png,river_river,0.156951904296875
river_river19.png,river_river,0.0996246337890625
river_river20.png,river_river,0.093597412109375
river_river21.png,river_river,0.107666015625
river_river22.png,river_river,0.143463134765625
river_river23.png,river_river,0.1799468994140625
river_river24.png,river_river,0.1849365234375
river_river25.png,river_river,0.194061279296875
river_river26.png,river_river,0.162109375
river_river27.png,river_river,0.1130828857421875
river_river28.png,river_river,0.1040802001953125
river_river29.png,river_river,0.1468658447265625
river_river30.png,river_river,0.173004150390625
river_river31.png,river_river,0.1467437744140625
river_river32.png,river_river,0.1353607177734375
river_river33.png,river_river,0.219970703125
river_river34.png,river_river,0.1625518798828125
river_river35.png,river_river,0.1885223388671875
river_river36.png,river_river,0.1696624755859375
river_river37.png,river_river,0.195526123046875
river_river38.png,river_river,0.1976165771484375
river_river39.png,river_river,0.177703857421875
river_river40.png,river_river,0.1616363525390625
river_river41.png,river_river,0.14752197265625
river_river42.png,river_river,0.1487884521484375
river_river43.png,river_river,0.167999267578125
river_river44.png,river_river,0.18560791015625
river_river45.png,river_river,0.170135498046875
river_river46.png,river_river,0.187774658203125
river_river47.png,river_river,0.0857696533203125
river_river48.png,river_river,0.0777130126953125
river_river49.png,river_river,0.1207122802734375
river_river50.png,river_river,0.08465576171875
river_river51.png,river_river,0.1011199951171875
river_river52.png,river_river,0.0905303955078125
river_river53.png,river_river,0.2992401123046875
river_river54.png,river_river,0.3255767822265625
river_river55.png,river_river,0.228302001953125
river_river56.png,river_river,0.2483673095703125
river_river57.png,river_river,0.228118896484375
river_river58.png,river_river,0.2074737548828125
river_river59.png,river_river,0.25531005859375
river_river60.png,river_river,0.2483978271484375
river_river61.png,river_river,0.2080078125
river_river62.png,river_river,0.2551116943359375
river_river63.png,river_river,0.1593017578125
river_river64.png,river_river,0.2193603515625
river_river65.png,river_river,0.206146240234375
river_river66.png,river_river,0.2975311279296875
river_river67.png,river_river,0.259246826171875
river_river68.png,river_river,0.0254058837890625
river_river69.png,river_river,0.0696258544921875
river_river70.png,river_river,0.09906005859375
river_river71.png,river_river,0.05706787109375
river_river72.png,river_river,0.0279541015625
river_river73.png,river_river,0.0678253173828125
river_river74.png,river_river,0.015838623046875
river_river75.png,river_river,0.0263519287109375
river_river76.png,river_river,0.0275726318359375
river_river77.png,river_river,0.1331939697265625
river_river78.png,river_river,0.138702392578125
river_river79.png,river_river,0.0971527099609375
river_river80.png,river_river,0.1079559326171875
river_river81.png,river_river,0.120025634765625
river_river82.png,river_river,0.11883544921875
river_river83.png,river_river,0.0855255126953125
river_river84.png,river_river,0.047576904296875
river_river85.png,river_river,0.05352783203125
river_river86.png,river_river,0.12200927734375
river_river87.png,river_river,0.101043701171875
river_river88.png,river_river,0.098663330078125
river_river89.png,river_river,0.0931854248046875
river_river90.png,river_river,0.10357666015625
river_river91.png,river_river,0.1047210693359375
river_river92.png,river_river,0.104278564453125
river_river93.png,river_river,0.137115478515625
river_river94.png,river_river,0.208160400390625
river_river95.png,river_river,0.11309814453125
river_river96.png,river_river,0.098724365234375
river_river97.png,river_river,0.0842742919921875
river_river98.png,river_river,0.0701446533203125
river_river99.png,river_river,0.0692138671875
runway_runway00.png,runway_runway,0.036895751953125
runway_runway01.png,runway_runway,0.09716796875
runway_runway02.png,runway_runway,0.0384521484375
runway_runway03.png,runway_runway,0.0283355712890625
runway_runway04.png,runway_runway,0.045654296875
runway_runway05.png,runway_runway,0.029388427734375
runway_runway06.png,runway_runway,0.040435791015625
runway_runway07.png,runway_runway,0.0306854248046875
runway_runway08.png,runway_runway,0.0332183837890625
runway_runway09.png,runway_runway,0.03411865234375
runway_runway10.png,runway_runway,0.051727294921875
runway_runway11.png,runway_runway,0.0285797119140625
runway_runway12.png,runway_runway,0.0213623046875
runway_runway13.png,runway_runway,0.03375244140625
runway_runway14.png,runway_runway,0.0321807861328125
runway_runway15.png,runway_runway,0.022064208984375
runway_runway16.png,runway_runway,0.038330078125
runway_runway17.png,runway_runway,0.0313262939453125
runway_runway18.png,runway_runway,0.0943450927734375
runway_runway19.png,runway_runway,0.031494140625
runway_runway20.png,runway_runway,0.0953216552734375
runway_runway21.png,runway_runway,0.0775604248046875
runway_runway22.png,runway_runway,0.0776214599609375
runway_runway23.png,runway_runway,0.0640869140625
runway_runway24.png,runway_runway,0.0405120849609375
runway_runway25.png,runway_runway,0.0778656005859375
runway_runway26.png,runway_runway,0.06732177734375
runway_runway27.png,runway_runway,0.08624267578125
runway_runway28.png,runway_runway,0.07879638671875
runway_runway29.png,runway_runway,0.05731201171875
runway_runway30.png,runway_runway,0.0460052490234375
runway_runway31.png,runway_runway,0.0531463623046875
runway_runway32.png,runway_runway,0.0439605712890625
runway_runway33.png,runway_runway,0.0759429931640625
runway_runway34.png,runway_runway,0.082000732421875
runway_runway35.png,runway_runway,0.0929412841796875
runway_runway36.png,runway_runway,0.07049560546875
runway_runway37.png,runway_runway,0.070831298828125
runway_runway38.png,runway_runway,0.0490264892578125
runway_runway39.png,runway_runway,0.0496673583984375
runway_runway40.png,runway_runway,0.0860443115234375
runway_runway41.png,runway_runway,0.0986785888671875
runway_runway42.png,runway_runway,0.10040283203125
runway_runway43.png,runway_runway,0.0826873779296875
runway_runway44.png,runway_runway,0.0825653076171875
runway_runway45.png,runway_runway,0.0684814453125
runway_runway46.png,runway_runway,0.0742034912109375
runway_runway47.png,runway_runway,0.0613555908203125
runway_runway48.png,runway_runway,0.07965087890625
runway_runway49.png,runway_runway,0.057037353515625
runway_runway50.png,runway_runway,0.072540283203125
runway_runway51.png,runway_runway,0.0702056884765625
runway_runway52.png,runway_runway,0.07537841796875
runway_runway53.png,runway_runway,0.079742431640625
runway_runway54.png,runway_runway,0.13494873046875
runway_runway55.png,runway_runway,0.1213226318359375
runway_runway56.png,runway_runway,0.069671630859375
runway_runway57.png,runway_runway,0.05419921875
runway_runway58.png,runway_runway,0.0620880126953125
runway_runway59.png,runway_runway,0.0824432373046875
runway_runway60.png,runway_runway,0.1023101806640625
runway_runway61.png,runway_runway,0.1196746826171875
runway_runway62.png,runway_runway,0.12750244140625
runway_runway63.png,runway_runway,0.0650177001953125
runway_runway64.png,runway_runway,0.0548095703125
runway_runway65.png,runway_runway,0.0388641357421875
runway_runway66.png,runway_runway,0.0987091064453125
runway_runway67.png,runway_runway,0.1406707763671875
runway_runway68.png,runway_runway,0.1516876220703125
runway_runway69.png,runway_runway,0.0782928466796875
runway_runway70.png,runway_runway,0.086883544921875
runway_runway71.png,runway_runway,0.0286102294921875
runway_runway72.png,runway_runway,0.0383148193359375
runway_runway73.png,runway_runway,0.036865234375
runway_runway74.png,runway_runway,0.074432373046875
runway_runway75.png,runway_runway,0.0323944091796875
runway_runway76.png,runway_runway,0.05035400390625
runway_runway77.png,runway_runway,0.03668212890625
runway_runway78.png,runway_runway,0.038970947265625
runway_runway79.png,runway_runway,0.137115478515625
runway_runway80.png,runway_runway,0.1302642822265625
runway_runway81.png,runway_runway,0.1181640625
runway_runway82.png,runway_runway,0.08453369140625
runway_runway83.png,runway_runway,0.09893798828125
runway_runway84.png,runway_runway,0.13787841796875
runway_runway85.png,runway_runway,0.13250732421875
runway_runway86.png,runway_runway,0.1318511962890625
runway_runway87.png,runway_runway,0.0888671875
runway_runway88.png,runway_runway,0.1074981689453125
runway_runway89.png,runway_runway,0.0813140869140625
runway_runway90.png,runway_runway,0.0872650146484375
runway_runway91.png,runway_runway,0.07879638671875
runway_runway92.png,runway_runway,0.0510406494140625
runway_runway93.png,runway_runway,0.04449462890625
runway_runway94.png,runway_runway,0.03704833984375
runway_runway95.png,runway_runway,0.03472900390625
runway_runway96.png,runway_runway,0.0238037109375
runway_runway97.png,runway_runway,0.037353515625
runway_runway98.png,runway_runway,0.0407562255859375
runway_runway99.png,runway_runway,0.040008544921875
sparseresidential_sparseresidential00.png,sparseresidential_sparseresidential,0.1551055908203125
sparseresidential_sparseresidential01.png,sparseresidential_sparseresidential,0.1360321044921875
sparseresidential_sparseresidential02.png,sparseresidential_sparseresidential,0.1187591552734375
sparseresidential_sparseresidential03.png,sparseresidential_sparseresidential,0.1287994384765625
sparseresidential_sparseresidential04.png,sparseresidential_sparseresidential,0.15631103515625
sparseresidential_sparseresidential05.png,sparseresidential_sparseresidential,0.156707763671875
sparseresidential_sparseresidential06.png,sparseresidential_sparseresidential,0.2285919189453125
sparseresidential_sparseresidential07.png,sparseresidential_sparseresidential,0.2405242919921875
sparseresidential_sparseresidential08.png,sparseresidential_sparseresidential,0.1972808837890625
sparseresidential_sparseresidential09.png,sparseresidential_sparseresidential,0.25152587890625
sparseresidential_sparseresidential10.png,sparseresidential_sparseresidential,0.1859588623046875
sparseresidential_sparseresidential11.png,sparseresidential_sparseresidential,0.235748291015625
sparseresidential_sparseresidential12.png,sparseresidential_sparseresidential,0.17706298828125
sparseresidential_sparseresidential13.png,sparseresidential_sparseresidential,0.16162109375
sparseresidential_sparseresidential14.png,sparseresidential_sparseresidential,0.1709747314453125
sparseresidential_sparseresidential15.png,sparseresidential_sparseresidential,0.1678466796875
sparseresidential_sparseresidential16.png,sparseresidential_sparseresidential,0.1276397705078125
sparseresidential_sparseresidential17.png,sparseresidential_sparseresidential,0.1348724365234375
sparseresidential_sparseresidential18.png,sparseresidential_sparseresidential,0.1139068603515625
sparseresidential_sparseresidential19.png,sparseresidential_sparseresidential,0.178802490234375
sparseresidential_sparseresidential20.png,sparseresidential_sparseresidential,0.1667022705078125
sparseresidential_sparseresidential21.png,sparseresidential_sparseresidential,0.1610870361328125
sparseresidential_sparseresidential22.png,sparseresidential_sparseresidential,0.1905059814453125
sparseresidential_sparseresidential23.png,sparseresidential_sparseresidential,0.161376953125
sparseresidential_sparseresidential24.png,sparseresidential_sparseresidential,0.1833343505859375
sparseresidential_sparseresidential25.png,sparseresidential_sparseresidential,0.12957763671875
sparseresidential_sparseresidential26.png,sparseresidential_sparseresidential,0.174224853515625
sparseresidential_sparseresidential27.png,sparseresidential_sparseresidential,0.2087860107421875
sparseresidential_sparseresidential28.png,sparseresidential_sparseresidential,0.1184844970703125
sparseresidential_sparseresidential29.png,sparseresidential_sparseresidential,0.19818115234375
sparseresidential_sparseresidential30.png,sparseresidential_sparseresidential,0.197418212890625
sparseresidential_sparseresidential31.png,sparseresidential_sparseresidential,0.217132568359375
sparseresidential_sparseresidential32.png,sparseresidential_sparseresidential,0.1732940673828125
sparseresidential_sparseresidential33.png,sparseresidential_sparseresidential,0.133056640625
sparseresidential_sparseresidential34.png,sparseresidential_sparseresidential,0.148193359375
sparseresidential_sparseresidential35.png,sparseresidential_sparseresidential,0.1341094970703125
sparseresidential_sparseresidential36.png,sparseresidential_sparseresidential,0.180267333984375
sparseresidential_sparseresidential37.png,sparseresidential_sparseresidential,0.2688446044921875
sparseresidential_sparseresidential38.png,sparseresidential_sparseresidential,0.1830902099609375
sparseresidential_sparseresidential39.png,sparseresidential_sparseresidential,0.202056884765625
sparseresidential_sparseresidential40.png,sparseresidential_sparseresidential,0.17486572265625
sparseresidential_sparseresidential41.png,sparseresidential_sparseresidential,0.15521240234375
sparseresidential_sparseresidential42.png,sparseresidential_sparseresidential,0.1373138427734375
sparseresidential_sparseresidential43.png,sparseresidential_sparseresidential,0.0773162841796875
sparseresidential_sparseresidential44.png,sparseresidential_sparseresidential,0.0431365966796875
sparseresidential_sparseresidential45.png,sparseresidential_sparseresidential,0.027313232421875
sparseresidential_sparseresidential46.png,sparseresidential_sparseresidential,0.0403594970703125
sparseresidential_sparseresidential47.png,sparseresidential_sparseresidential,0.027313232421875
sparseresidential_sparseresidential48.png,sparseresidential_sparseresidential,0.028411865234375
sparseresidential_sparseresidential49.png,sparseresidential_sparseresidential,0.0435791015625
sparseresidential_sparseresidential50.png,sparseresidential_sparseresidential,0.017822265625
sparseresidential_sparseresidential51.png,sparseresidential_sparseresidential,0.0399932861328125
sparseresidential_sparseresidential52.png,sparseresidential_sparseresidential,0.035308837890625
sparseresidential_sparseresidential53.png,sparseresidential_sparseresidential,0.04498291015625
sparseresidential_sparseresidential54.png,sparseresidential_sparseresidential,0.0419464111328125
sparseresidential_sparseresidential55.png,sparseresidential_sparseresidential,0.0378570556640625
sparseresidential_sparseresidential56.png,sparseresidential_sparseresidential,0.04644775390625
sparseresidential_sparseresidential57.png,sparseresidential_sparseresidential,0.0517425537109375
sparseresidential_sparseresidential58.png,sparseresidential_sparseresidential,0.029876708984375
sparseresidential_sparseresidential59.png,sparseresidential_sparseresidential,0.027618408203125
sparseresidential_sparseresidential60.png,sparseresidential_sparseresidential,0.02301025390625
sparseresidential_sparseresidential61.png,sparseresidential_sparseresidential,0.248626708984375
sparseresidential_sparseresidential62.png,sparseresidential_sparseresidential,0.1608734130859375
sparseresidential_sparseresidential63.png,sparseresidential_sparseresidential,0.1798858642578125
sparseresidential_sparseresidential64.png,sparseresidential_sparseresidential,0.18768310546875
sparseresidential_sparseresidential65.png,sparseresidential_sparseresidential,0.1751251220703125
sparseresidential_sparseresidential66.png,sparseresidential_sparseresidential,0.1780853271484375
sparseresidential_sparseresidential67.png,sparseresidential_sparseresidential,0.176055908203125
sparseresidential_sparseresidential68.png,sparseresidential_sparseresidential,0.190765380859375
sparseresidential_sparseresidential69.png,sparseresidential_sparseresidential,0.172515869140625
sparseresidential_sparseresidential70.png,sparseresidential_sparseresidential,0.13787841796875
sparseresidential_sparseresidential71.png,sparseresidential_sparseresidential,0.1834869384765625
sparseresidential_sparseresidential72.png,sparseresidential_sparseresidential,0.1641693115234375
sparseresidential_sparseresidential73.png,sparseresidential_sparseresidential,0.070953369140625
sparseresidential_sparseresidential74.png,sparseresidential_sparseresidential,0.074737548828125
sparseresidential_sparseresidential75.png,sparseresidential_sparseresidential,0.0377655029296875
sparseresidential_sparseresidential76.png,sparseresidential_sparseresidential,0.056671142578125
sparseresidential_sparseresidential77.png,sparseresidential_sparseresidential,0.0320281982421875
sparseresidential_sparseresidential78.png,sparseresidential_sparseresidential,0.12371826171875
sparseresidential_sparseresidential79.png,sparseresidential_sparseresidential,0.183563232421875
sparseresidential_sparseresidential80.png,sparseresidential_sparseresidential,0.1432037353515625
sparseresidential_sparseresidential81.png,sparseresidential_sparseresidential,0.0992279052734375
sparseresidential_sparseresidential82.png,sparseresidential_sparseresidential,0.0735626220703125
sparseresidential_sparseresidential83.png,sparseresidential_sparseresidential,0.0832366943359375
sparseresidential_sparseresidential84.png,sparseresidential_sparseresidential,0.111358642578125
sparseresidential_sparseresidential85.png,sparseresidential_sparseresidential,0.197021484375
sparseresidential_sparseresidential86.png,sparseresidential_sparseresidential,0.245361328125
sparseresidential_sparseresidential87.png,sparseresidential_sparseresidential,0.2298431396484375
sparseresidential_sparseresidential88.png,sparseresidential_sparseresidential,0.2075653076171875
sparseresidential_sparseresidential89.png,sparseresidential_sparseresidential,0.243499755859375
sparseresidential_sparseresidential90.png,sparseresidential_sparseresidential,0.217987060546875
sparseresidential_sparseresidential91.png,sparseresidential_sparseresidential,0.2436065673828125
sparseresidential_sparseresidential92.png,sparseresidential_sparseresidential,0.15277099609375
sparseresidential_sparseresidential93.png,sparseresidential_sparseresidential,0.2190704345703125
sparseresidential_sparseresidential94.png,sparseresidential_sparseresidential,0.2252197265625
sparseresidential_sparseresidential95.png,sparseresidential_sparseresidential,0.1234588623046875
sparseresidential_sparseresidential96.png,sparseresidential_sparseresidential,0.0994415283203125
sparseresidential_sparseresidential97.png,sparseresidential_sparseresidential,0.262969970703125
sparseresidential_sparseresidential98.png,sparseresidential_sparseresidential,0.075164794921875
sparseresidential_sparseresidential99.png,sparseresidential_sparseresidential,0.0780487060546875
storagetanks_storagetanks00.png,storagetanks_storagetanks,0.1211395263671875
storagetanks_storagetanks01.png,storagetanks_storagetanks,0.07879638671875
storagetanks_storagetanks02.png,storagetanks_storagetanks,0.0816497802734375
storagetanks_storagetanks03.png,storagetanks_storagetanks,0.1405487060546875
storagetanks_storagetanks04.png,storagetanks_storagetanks,0.1382293701171875
storagetanks_storagetanks05.png,storagetanks_storagetanks,0.206817626953125
storagetanks_storagetanks06.png,storagetanks_storagetanks,0.199737548828125
storagetanks_storagetanks07.png,storagetanks_storagetanks,0.1761322021484375
storagetanks_storagetanks08.png,storagetanks_storagetanks,0.1026763916015625
storagetanks_storagetanks09.png,storagetanks_storagetanks,0.1005706787109375
storagetanks_storagetanks10.png,storagetanks_storagetanks,0.1070556640625
storagetanks_storagetanks11.png,storagetanks_storagetanks,0.1005401611328125
storagetanks_storagetanks12.png,storagetanks_storagetanks,0.0854949951171875
storagetanks_storagetanks13.png,storagetanks_storagetanks,0.0774078369140625
storagetanks_storagetanks14.png,storagetanks_storagetanks,0.0945892333984375
storagetanks_storagetanks15.png,storagetanks_storagetanks,0.1151885986328125
storagetanks_storagetanks16.png,storagetanks_storagetanks,0.1415252685546875
storagetanks_storagetanks17.png,storagetanks_storagetanks,0.089996337890625
storagetanks_storagetanks18.png,storagetanks_storagetanks,0.133270263671875
storagetanks_storagetanks19.png,storagetanks_storagetanks,0.1218414306640625
storagetanks_storagetanks20.png,storagetanks_storagetanks,0.1046905517578125
storagetanks_storagetanks21.png,storagetanks_storagetanks,0.2141265869140625
storagetanks_storagetanks22.png,storagetanks_storagetanks,0.1671905517578125
storagetanks_storagetanks23.png,storagetanks_storagetanks,0.11517333984375
storagetanks_storagetanks24.png,storagetanks_storagetanks,0.10113525390625
storagetanks_storagetanks25.png,storagetanks_storagetanks,0.0948944091796875
storagetanks_storagetanks26.png,storagetanks_storagetanks,0.0786590576171875
storagetanks_storagetanks27.png,storagetanks_storagetanks,0.1692352294921875
storagetanks_storagetanks28.png,storagetanks_storagetanks,0.1019744873046875
storagetanks_storagetanks29.png,storagetanks_storagetanks,0.153717041015625
storagetanks_storagetanks30.png,storagetanks_storagetanks,0.16259765625
storagetanks_storagetanks31.png,storagetanks_storagetanks,0.1707916259765625
storagetanks_storagetanks32.png,storagetanks_storagetanks,0.155853271484375
storagetanks_storagetanks33.png,storagetanks_storagetanks,0.1118316650390625
storagetanks_storagetanks34.png,storagetanks_storagetanks,0.119232177734375
storagetanks_storagetanks35.png,storagetanks_storagetanks,0.1123199462890625
storagetanks_storagetanks36.png,storagetanks_storagetanks,0.145294189453125
storagetanks_storagetanks37.png,storagetanks_storagetanks,0.1224212646484375
storagetanks_storagetanks38.png,storagetanks_storagetanks,0.1255035400390625
storagetanks_storagetanks39.png,storagetanks_storagetanks,0.105987548828125
storagetanks_storagetanks40.png,storagetanks_storagetanks,0.1117706298828125
storagetanks_storagetanks41.png,storagetanks_storagetanks,0.180816650390625
storagetanks_storagetanks42.png,storagetanks_storagetanks,0.1548309326171875
storagetanks_storagetanks43.png,storagetanks_storagetanks,0.14520263671875
storagetanks_storagetanks44.png,storagetanks_storagetanks,0.11767578125
storagetanks_storagetanks45.png,storagetanks_storagetanks,0.1338043212890625
storagetanks_storagetanks46.png,storagetanks_storagetanks,0.1689605712890625
storagetanks_storagetanks47.png,storagetanks_storagetanks,0.1380615234375
storagetanks_storagetanks48.png,storagetanks_storagetanks,0.0393524169921875
storagetanks_storagetanks49.png,storagetanks_storagetanks,0.0928192138671875
storagetanks_storagetanks50.png,storagetanks_storagetanks,0.061553955078125
storagetanks_storagetanks51.png,storagetanks_storagetanks,0.0435028076171875
storagetanks_storagetanks52.png,storagetanks_storagetanks,0.0429229736328125
storagetanks_storagetanks53.png,storagetanks_storagetanks,0.0381622314453125
storagetanks_storagetanks54.png,storagetanks_storagetanks,0.0587310791015625
storagetanks_storagetanks55.png,storagetanks_storagetanks,0.061187744140625
storagetanks_storagetanks56.png,storagetanks_storagetanks,0.037872314453125
storagetanks_storagetanks57.png,storagetanks_storagetanks,0.0374908447265625
storagetanks_storagetanks58.png,storagetanks_storagetanks,0.0912322998046875
storagetanks_storagetanks59.png,storagetanks_storagetanks,0.077728271484375
storagetanks_storagetanks60.png,storagetanks_storagetanks,0.1133270263671875
storagetanks_storagetanks61.png,storagetanks_storagetanks,0.0565185546875
storagetanks_storagetanks62.png,storagetanks_storagetanks,0.0525054931640625
storagetanks_storagetanks63.png,storagetanks_storagetanks,0.0673980712890625
storagetanks_storagetanks64.png,storagetanks_storagetanks,0.081024169921875
storagetanks_storagetanks65.png,storagetanks_storagetanks,0.1073150634765625
storagetanks_storagetanks66.png,storagetanks_storagetanks,0.0932769775390625
storagetanks_storagetanks67.png,storagetanks_storagetanks,0.0424957275390625
storagetanks_storagetanks68.png,storagetanks_storagetanks,0.1054840087890625
storagetanks_storagetanks69.png,storagetanks_storagetanks,0.0819549560546875
storagetanks_storagetanks70.png,storagetanks_storagetanks,0.07318115234375
storagetanks_storagetanks71.png,storagetanks_storagetanks,0.0878143310546875
storagetanks_storagetanks72.png,storagetanks_storagetanks,0.1052093505859375
storagetanks_storagetanks73.png,storagetanks_storagetanks,0.0234375
storagetanks_storagetanks74.png,storagetanks_storagetanks,0.0221710205078125
storagetanks_storagetanks75.png,storagetanks_storagetanks,0.0634002685546875
storagetanks_storagetanks76.png,storagetanks_storagetanks,0.0246429443359375
storagetanks_storagetanks77.png,storagetanks_storagetanks,0.0446624755859375
storagetanks_storagetanks78.png,storagetanks_storagetanks,0.003936767578125
storagetanks_storagetanks79.png,storagetanks_storagetanks,0.0136566162109375
storagetanks_storagetanks80.png,storagetanks_storagetanks,0.0220184326171875
storagetanks_storagetanks81.png,storagetanks_storagetanks,0.009246826171875
storagetanks_storagetanks82.png,storagetanks_storagetanks,0.072845458984375
storagetanks_storagetanks83.png,storagetanks_storagetanks,0.084228515625
storagetanks_storagetanks84.png,storagetanks_storagetanks,0.067138671875
storagetanks_storagetanks85.png,storagetanks_storagetanks,0.033477783203125
storagetanks_storagetanks86.png,storagetanks_storagetanks,0.0313262939453125
storagetanks_storagetanks87.png,storagetanks_storagetanks,0.03485107421875
storagetanks_storagetanks88.png,storagetanks_storagetanks,0.0684814453125
storagetanks_storagetanks89.png,storagetanks_storagetanks,0.13287353515625
storagetanks_storagetanks90.png,storagetanks_storagetanks,0.1096343994140625
storagetanks_storagetanks91.png,storagetanks_storagetanks,0.1461334228515625
storagetanks_storagetanks92.png,storagetanks_storagetanks,0.0599822998046875
storagetanks_storagetanks93.png,storagetanks_storagetanks,0.1136322021484375
storagetanks_storagetanks94.png,storagetanks_storagetanks,0.127655029296875
storagetanks_storagetanks95.png,storagetanks_storagetanks,0.096893310546875
storagetanks_storagetanks96.png,storagetanks_storagetanks,0.1040802001953125
storagetanks_storagetanks97.png,storagetanks_storagetanks,0.119232177734375
storagetanks_storagetanks98.png,storagetanks_storagetanks,0.1088104248046875
storagetanks_storagetanks99.png,storagetanks_storagetanks,0.110870361328125
tenniscourt_tenniscourt00.png,tenniscourt_tenniscourt,0.096771240234375
tenniscourt_tenniscourt01.png,tenniscourt_tenniscourt,0.096160888671875
tenniscourt_tenniscourt02.png,tenniscourt_tenniscourt,0.1830291748046875
tenniscourt_tenniscourt03.png,tenniscourt_tenniscourt,0.211883544921875
tenniscourt_tenniscourt04.png,tenniscourt_tenniscourt,0.1754608154296875
tenniscourt_tenniscourt05.png,tenniscourt_tenniscourt,0.1642913818359375
tenniscourt_tenniscourt06.png,tenniscourt_tenniscourt,0.1997528076171875
tenniscourt_tenniscourt07.png,tenniscourt_tenniscourt,0.1188812255859375
tenniscourt_tenniscourt08.png,tenniscourt_tenniscourt,0.1610565185546875
tenniscourt_tenniscourt09.png,tenniscourt_tenniscourt,0.2051544189453125
tenniscourt_tenniscourt10.png,tenniscourt_tenniscourt,0.124481201171875
tenniscourt_tenniscourt11.png,tenniscourt_tenniscourt,0.1309661865234375
tenniscourt_tenniscourt12.png,tenniscourt_tenniscourt,0.1260223388671875
tenniscourt_tenniscourt13.png,tenniscourt_tenniscourt,0.16259765625
tenniscourt_tenniscourt14.png,tenniscourt_tenniscourt,0.1796112060546875
tenniscourt_tenniscourt15.png,tenniscourt_tenniscourt,0.1168670654296875
tenniscourt_tenniscourt16.png,tenniscourt_tenniscourt,0.1176605224609375
tenniscourt_tenniscourt17.png,tenniscourt_tenniscourt,0.1392974853515625
tenniscourt_tenniscourt18.png,tenniscourt_tenniscourt,0.0885162353515625
tenniscourt_tenniscourt19.png,tenniscourt_tenniscourt,0.107391357421875
tenniscourt_tenniscourt20.png,tenniscourt_tenniscourt,0.2119598388671875
tenniscourt_tenniscourt21.png,tenniscourt_tenniscourt,0.1980743408203125
tenniscourt_tenniscourt22.png,tenniscourt_tenniscourt,0.1348114013671875
tenniscourt_tenniscourt23.png,tenniscourt_tenniscourt,0.0452728271484375
tenniscourt_tenniscourt24.png,tenniscourt_tenniscourt,0.1269989013671875
tenniscourt_tenniscourt25.png,tenniscourt_tenniscourt,0.14739990234375
tenniscourt_tenniscourt26.png,tenniscourt_tenniscourt,0.1590423583984375
tenniscourt_tenniscourt27.png,tenniscourt_tenniscourt,0.1548309326171875
tenniscourt_tenniscourt28.png,tenniscourt_tenniscourt,0.18304443359375
tenniscourt_tenniscourt29.png,tenniscourt_tenniscourt,0.19720458984375
tenniscourt_tenniscourt30.png,tenniscourt_tenniscourt,0.1480560302734375
tenniscourt_tenniscourt31.png,tenniscourt_tenniscourt,0.12933349609375
tenniscourt_tenniscourt32.png,tenniscourt_tenniscourt,0.1653594970703125
tenniscourt_tenniscourt33.png,tenniscourt_tenniscourt,0.1693267822265625
tenniscourt_tenniscourt34.png,tenniscourt_tenniscourt,0.1615142822265625
tenniscourt_tenniscourt35.png,tenniscourt_tenniscourt,0.1521453857421875
tenniscourt_tenniscourt36.png,tenniscourt_tenniscourt,0.197967529296875
tenniscourt_tenniscourt37.png,tenniscourt_tenniscourt,0.121368408203125
tenniscourt_tenniscourt38.png,tenniscourt_tenniscourt,0.1237640380859375
tenniscourt_tenniscourt39.png,tenniscourt_tenniscourt,0.1475830078125
tenniscourt_tenniscourt40.png,tenniscourt_tenniscourt,0.1174468994140625
tenniscourt_tenniscourt41.png,tenniscourt_tenniscourt,0.1615142822265625
tenniscourt_tenniscourt42.png,tenniscourt_tenniscourt,0.15496826171875
tenniscourt_tenniscourt43.png,tenniscourt_tenniscourt,0.136871337890625
tenniscourt_tenniscourt44.png,tenniscourt_tenniscourt,0.11346435546875
tenniscourt_tenniscourt45.png,tenniscourt_tenniscourt,0.116485595703125
tenniscourt_tenniscourt46.png,tenniscourt_tenniscourt,0.1453399658203125
tenniscourt_tenniscourt47.png,tenniscourt_tenniscourt,0.0622100830078125
tenniscourt_tenniscourt48.png,tenniscourt_tenniscourt,0.0552825927734375
tenniscourt_tenniscourt49.png,tenniscourt_tenniscourt,0.0967254638671875
tenniscourt_tenniscourt50.png,tenniscourt_tenniscourt,0.08843994140625
tenniscourt_tenniscourt51.png,tenniscourt_tenniscourt,0.0673370361328125
tenniscourt_tenniscourt52.png,tenniscourt_tenniscourt,0.075286865234375
tenniscourt_tenniscourt53.png,tenniscourt_tenniscourt,0.0582275390625
tenniscourt_tenniscourt54.png,tenniscourt_tenniscourt,0.1249542236328125
tenniscourt_tenniscourt55.png,tenniscourt_tenniscourt,0.113616943359375
tenniscourt_tenniscourt56.png,tenniscourt_tenniscourt,0.1168212890625
tenniscourt_tenniscourt57.png,tenniscourt_tenniscourt,0.06988525390625
tenniscourt_tenniscourt58.png,tenniscourt_tenniscourt,0.0985870361328125
tenniscourt_tenniscourt59.png,tenniscourt_tenniscourt,0.110595703125
tenniscourt_tenniscourt60.png,tenniscourt_tenniscourt,0.0570220947265625
tenniscourt_tenniscourt61.png,tenniscourt_tenniscourt,0.107086181640625
tenniscourt_tenniscourt62.png,tenniscourt_tenniscourt,0.0569000244140625
tenniscourt_tenniscourt63.png,tenniscourt_tenniscourt,0.1000823974609375
tenniscourt_tenniscourt64.png,tenniscourt_tenniscourt,0.096343994140625
tenniscourt_tenniscourt65.png,tenniscourt_tenniscourt,0.0891265869140625
tenniscourt_tenniscourt66.png,tenniscourt_tenniscourt,0.0957489013671875
tenniscourt_tenniscourt67.png,tenniscourt_tenniscourt,0.0849151611328125
tenniscourt_tenniscourt68.png,tenniscourt_tenniscourt,0.1091156005859375
tenniscourt_tenniscourt69.png,tenniscourt_tenniscourt,0.1173553466796875
tenniscourt_tenniscourt70.png,tenniscourt_tenniscourt,0.1079254150390625
tenniscourt_tenniscourt71.png,tenniscourt_tenniscourt,0.134735107421875
tenniscourt_tenniscourt72.png,tenniscourt_tenniscourt,0.1393890380859375
tenniscourt_tenniscourt73.png,tenniscourt_tenniscourt,0.1456756591796875
tenniscourt_tenniscourt74.png,tenniscourt_tenniscourt,0.108551025390625
tenniscourt_tenniscourt75.png,tenniscourt_tenniscourt,0.148406982421875
tenniscourt_tenniscourt76.png,tenniscourt_tenniscourt,0.083587646484375
tenniscourt_tenniscourt77.png,tenniscourt_tenniscourt,0.13641357421875
tenniscourt_tenniscourt78.png,tenniscourt_tenniscourt,0.1032562255859375
tenniscourt_tenniscourt79.png,tenniscourt_tenniscourt,0.1163482666015625
tenniscourt_tenniscourt80.png,tenniscourt_tenniscourt,0.2063140869140625
tenniscourt_tenniscourt81.png,tenniscourt_tenniscourt,0.0120086669921875
tenniscourt_tenniscourt82.png,tenniscourt_tenniscourt,0.2115325927734375
tenniscourt_tenniscourt83.png,tenniscourt_tenniscourt,0.226959228515625
tenniscourt_tenniscourt84.png,tenniscourt_tenniscourt,0.052947998046875
tenniscourt_tenniscourt85.png,tenniscourt_tenniscourt,0.0274505615234375
tenniscourt_tenniscourt86.png,tenniscourt_tenniscourt,0.098846435546875
tenniscourt_tenniscourt87.png,tenniscourt_tenniscourt,0.09375
tenniscourt_tenniscourt88.png,tenniscourt_tenniscourt,0.0452880859375
tenniscourt_tenniscourt89.png,tenniscourt_tenniscourt,0.0398101806640625
tenniscourt_tenniscourt90.png,tenniscourt_tenniscourt,0.1181793212890625
tenniscourt_tenniscourt91.png,tenniscourt_tenniscourt,0.108551025390625
tenniscourt_tenniscourt92.png,tenniscourt_tenniscourt,0.14459228515625
tenniscourt_tenniscourt93.png,tenniscourt_tenniscourt,0.11248779296875
tenniscourt_tenniscourt94.png,tenniscourt_tenniscourt,0.031829833984375
tenniscourt_tenniscourt95.png,tenniscourt_tenniscourt,0.092132568359375
tenniscourt_tenniscourt96.png,tenniscourt_tenniscourt,0.1298980712890625
tenniscourt_tenniscourt97.png,tenniscourt_tenniscourt,0.137237548828125
tenniscourt_tenniscourt98.png,tenniscourt_tenniscourt,0.0811614990234375
tenniscourt_tenniscourt99.png,tenniscourt_tenniscourt,0.0816192626953125
