image,rgb_psnr,rgb_ssim,y_psnr,y_ssim
agricultural_agricultural00.png,23.387840932389217,0.2999592158971297,24.548611133804613,0.3215930093286695
agricultural_agricultural01.png,23.631875073042103,0.2969618921927246,24.894161872029507,0.3283614373658047
agricultural_agricultural02.png,23.32150259949527,0.30580880290352574,24.481870836880695,0.3289238141841839
agricultural_agricultural03.png,23.697692252543536,0.26981238739228325,25.02455732711567,0.30289866039014723
agricultural_agricultural04.png,25.72344649871074,0.7505953100401354,27.10828098895606,0.7712158413051234
agricultural_agricultural05.png,18.92476384495213,0.2017970351632464,20.1890578540532,0.21559046008026353
agricultural_agricultural06.png,19.648012821362713,0.2071133454437192,20.920376204098208,0.22285082891880353
agricultural_agricultural07.png,18.779654942122775,0.10396886360832312,19.957091166742618,0.11632253417765681
agricultural_agricultural08.png,17.83511949195668,0.11130997510004652,18.94166128667155,0.11788606337817406
agricultural_agricultural09.png,16.511543926533193,0.09252920319762307,17.68046690257352,0.09870839416928581
agricultural_agricultural10.png,27.0359058553149,0.8751625716114316,29.133396915800418,0.8896209101186712
agricultural_agricultural11.png,30.048454922425215,0.5484097496090382,31.22926073860271,0.6008091511312148
agricultural_agricultural12.png,26.891227371244323,0.8645171050999018,29.50091054736817,0.8824463286215234
agricultural_agricultural13.png,20.711388140995535,0.13449084330462982,21.897229965145087,0.15584749700212022
agricultural_agricultural14.png,18.047194697825233,0.09490674009997015,19.11672569700596,0.10320122093034939
agricultural_agricultural15.png,17.07852550835565,0.17565061368741783,18.29263718635787,0.18535017994739023
agricultural_agricultural16.png,23.085169887244486,0.5503607883806597,24.64379615594265,0.5691394773858292
agricultural_agricultural17.png,27.557500328064016,0.7755226901042431,29.349145192181325,0.7974282679160941
agricultural_agricultural18.png,20.584121739275034,0.1440485916334748,21.581917970871515,0.15711574792035576
agricultural_agricultural19.png,30.533795562628224,0.8893280577653956,32.31308011114435,0.9002703203057902
agricultural_agricultural20.png,20.178934489769638,0.14340526640003837,21.260989545068316,0.1595471716461207
agricultural_agricultural21.png,22.040662146571435,0.6448770044260291,23.092220147135144,0.6481121308010529
agricultural_agricultural22.png,20.28437134867897,0.6358167226087797,21.300670479501576,0.6315318354725883
agricultural_agricultural23.png,20.499546701676028,0.6025543461466732,21.48241739161735,0.5981212480375719
agricultural_agricultural24.png,19.936823165793648,0.12789753863315184,21.100479907316377,0.1452280680832667
agricultural_agricultural25.png,19.30384627933722,0.13966588901117935,20.32690650708497,0.1390824266715843
agricultural_agricultural26.png,30.979926086199875,0.9198274333101241,32.78797648381265,0.927112238912211
agricultural_agricultural27.png,22.951928783545643,0.2536947206211746,24.282729159196982,0.29549259584567444
agricultural_agricultural28.png,23.345282346035297,0.23081861563105255,24.761151803110884,0.2775198875536857
agricultural_agricultural29.png,22.161381876227637,0.21091802383900496,23.475292088525485,0.24894142294224178
agricultural_agricultural30.png,27.749663137726877,0.7035928930992376,29.378716838141624,0.7293281120891513
agricultural_agricultural31.png,26.37596586265638,0.7164890659700903,27.9018639870269,0.7402416478413222
agricultural_agricultural32.png,27.013266983340955,0.3847894251125649,28.661455477823843,0.4598668174820061
agricultural_agricultural33.png,27.910554998362546,0.43548349710655065,29.57762334598369,0.5058625286334868
agricultural_agricultural34.png,21.841857282947316,0.3039071022573125,23.08720348565172,0.33781748246301274
agricultural_agricultural35.png,25.195593537465246,0.38798636699044664,26.51578264482062,0.4265902973109674
agricultural_agricultural36.png,24.115200785321818,0.40002167077613837,25.337984175623355,0.436940856582436
agricultural_agricultural37.png,31.693539128338458,0.7720898826386046,33.10782094312159,0.8033443287079182
agricultural_agricultural38.png,32.84618194147939,0.7838472480714987,34.359765633865614,0.8179311374021145
agricultural_agricultural39.png,30.970153413239153,0.7599477029376814,32.92502177359394,0.8012299632046869
agricultural_agricultural40.png,33.469112201162424,0.7227138898622205,34.85217297461847,0.7691558669794815
agricultural_agricultural41.png,31.352197237744193,0.7129755530154092,32.946725665317715,0.7552637886048396
agricultural_agricultural42.png,29.540642413323535,0.8190519698707869,31.328764511592308,0.8394532919122163
agricultural_agricultural43.png,28.60404182025998,0.593708552224078,30.27694502585859,0.6456222980707689
agricultural_agricultural44.png,31.73992311284334,0.8440191951372404,33.72529195722305,0.8688623039773571
agricultural_agricultural45.png,32.73963328462643,0.8256732730680385,34.75972843015815,0.8576861512020779
agricultural_agricultural46.png,32.358258468643974,0.8787088666038496,34.10882464296602,0.8935086807606871
agricultural_agricultural47.png,33.2050161134668,0.7874075546906294,34.90549138638626,0.82743174716956
agricultural_agricultural48.png,29.66690753495503,0.7056876901039434,31.25783424069112,0.7411405126897166
agricultural_agricultural49.png,33.05734256675093,0.783783775213517,34.94007627823781,0.8253379999795418
agricultural_agricultural50.png,32.29849198069544,0.829567716739679,34.264281340155065,0.8579757367554431
agricultural_agricultural51.png,32.93847906625276,0.8128690802164997,34.94313237816253,0.8457309924777788
agricultural_agricultural52.png,32.556277310637036,0.8174867959799911,34.60662531862362,0.8512194409954424
agricultural_agricultural53.png,30.73747371689695,0.7816147014253421,32.53737483446245,0.8101265345636506
agricultural_agricultural54.png,31.148706747650937,0.6994283454079383,32.91308674289846,0.7471813117749219
agricultural_agricultural55.png,36.201207277254774,0.8345437683881949,37.94198472221525,0.8728584791339279
agricultural_agricultural56.png,34.59414696923409,0.8516795493113398,36.65968397685833,0.8832996098598399
agricultural_agricultural57.png,31.55112271224465,0.8351696211406963,33.368119993294115,0.8568187029642749
agricultural_agricultural58.png,31.73627807450587,0.756432720485901,33.58336104205079,0.7986862918255608
agricultural_agricultural59.png,30.959712394930214,0.7723462372636071,32.70383957266843,0.8019183694328101
agricultural_agricultural60.png,28.63667371969281,0.7502687820105974,30.276550359837827,0.7756185125083931
agricultural_agricultural61.png,28.52879830186916,0.8722926587163075,30.71137164101797,0.8910142068989634
agricultural_agricultural62.png,23.6320812576922,0.21929591117595484,24.74078744957123,0.2495539843794619
agricultural_agricultural63.png,28.223785475685325,0.4240743362465649,29.38879160172023,0.4702786528490748
agricultural_agricultural64.png,29.060278105835422,0.47117632549817556,30.408591930239346,0.531322881973019
agricultural_agricultural65.png,27.420237069225323,0.7284272771632163,29.128050824490348,0.7592409117132093
agricultural_agricultural66.png,21.924376904243992,0.16954340088863998,23.1293554453391,0.2002072645765963
agricultural_agricultural67.png,19.030960963012525,0.09813834689264476,20.441193670659516,0.12053821319507699
agricultural_agricultural68.png,18.44779212537399,0.09012405665117824,19.843818492403745,0.10992983396838216
agricultural_agricultural69.png,18.353833566331105,0.09161702998965034,19.715431544837728,0.11032108522798352
agricultural_agricultural70.png,18.042819801751083,0.09775366910215307,19.334438822404337,0.10868039396084136
agricultural_agricultural71.png,18.20621929823481,0.09310264337364214,19.533407413379532,0.11088810473528529
agricultural_agricultural72.png,19.164993439194575,0.10427581768030152,20.531863206956906,0.12614882552530074
agricultural_agricultural73.png,24.505702867990514,0.2642810644629745,25.79728815060228,0.31307000344936103
agricultural_agricultural74.png,26.33918926154351,0.39765619673509106,27.811765130778085,0.45284020422072413
agricultural_agricultural75.png,33.71040336795534,0.724647486080229,35.089551817096826,0.7728405468244003
agricultural_agricultural76.png,28.05537867132438,0.7740020064330692,29.76081977853301,0.7945851111920229
agricultural_agricultural77.png,18.75482467334619,0.4250567210566461,20.266011471112726,0.4352378034738928
agricultural_agricultural78.png,29.14306529630977,0.4633672777954519,30.46858184892733,0.5291467626393526
agricultural_agricultural79.png,24.740509251460633,0.6049628211535555,26.360913698749773,0.6292003801784514
agricultural_agricultural80.png,23.14096995739881,0.2724437097794347,24.49502129510156,0.3095775024864668
agricultural_agricultural81.png,23.26508799687729,0.2721930170581783,24.632087372674768,0.30912450040229345
agricultural_agricultural82.png,23.639739912305977,0.28259384552446004,24.952918561741633,0.32100683559467236
agricultural_agricultural83.png,23.425240866425987,0.1907904539387377,24.745615838223088,0.23619852118291346
agricultural_agricultural84.png,21.29032806028917,0.12920603200559422,22.595066990659728,0.16219761623398637
agricultural_agricultural85.png,20.515868681023093,0.11155976819160535,21.804806163138288,0.1381054669816471
agricultural_agricultural86.png,27.366705446776166,0.5224729759949333,28.576881571138294,0.5602272763752318
agricultural_agricultural87.png,23.40802227271024,0.43074628829951056,24.68448326840288,0.4580664476866377
agricultural_agricultural88.png,25.22113650611474,0.3177884872306726,26.83351298365434,0.3718616547347714
agricultural_agricultural89.png,25.909709511070393,0.34211884673184895,27.206088246447496,0.39084402266744567
agricultural_agricultural90.png,23.088903003004397,0.20073311597195076,24.513067827069477,0.24161921914388193
agricultural_agricultural91.png,28.79179143764077,0.4449263913610207,30.328957687854192,0.5231863022533901
agricultural_agricultural92.png,22.98892922278805,0.1821645773393489,24.506010612343545,0.23305016806959808
agricultural_agricultural93.png,27.12826028341761,0.46610087811398593,28.622501890151266,0.5294485121280474
agricultural_agricultural94.png,23.30370378324835,0.17517059392297388,24.407194541759342,0.20892212603255358
agricultural_agricultural95.png,27.2583619103918,0.3779254225759736,28.36949715947382,0.4078160965868298
agricultural_agricultural96.png,23.821887965819563,0.23453193727619556,25.255843008878827,0.28553105032663045
agricultural_agricultural97.png,22.742833288372,0.190874738415475,23.846003620269194,0.2161284116461189
agricultural_agricultural98.png,25.34807364681894,0.787087977578067,26.908849473490637,0.80354163960195
agricultural_agricultural99.png,19.117633123997248,0.36570939104497596,20.563963971198255,0.3733537282704479
airplane_airplane00.png,26.591775820202777,0.8045855071552314,27.9146571278515,0.8357765349444797
airplane_airplane01.png,32.061861147807384,0.8624867493409263,33.65413965734523,0.8833981427537804
airplane_airplane02.png,32.061861147807384,0.8624867493409263,33.65413965734523,0.8833981427537804
airplane_airplane03.png,28.54764761075604,0.86266723540241,29.99662147561192,0.8803772775311588
airplane_airplane04.png,28.736213122745085,0.864614495821367,30.148195045731157,0.8842580005736982
airplane_airplane05.png,29.269817697152178,0.8695088198926094,30.706141592668807,0.8913423593101959
airplane_airplane06.png,27.976639742505217,0.8482049660924199,29.510953911600968,0.8669147657629266
airplane_airplane07.png,28.324242133250518,0.8570206653738298,29.760242227979568,0.8773273995517957
airplane_airplane08.png,28.652620356222386,0.8523026300834003,30.210299088247886,0.8718978142204193
airplane_airplane09.png,28.504107330200274,0.8658656200182758,29.902128464756302,0.8846192504127031
airplane_airplane10.png,28.494031624809466,0.8634156417350072,30.254432415390035,0.8833137840994878
airplane_airplane11.png,27.398768018564276,0.8039207214257841,28.831335753511826,0.8303489063551666
airplane_airplane12.png,30.426020822429823,0.8752597983222081,32.16811245092998,0.8959555531171416
airplane_airplane13.png,29.941115644322267,0.8699344072712795,31.451549416494572,0.8901540008109389
airplane_airplane14.png,30.273107358083983,0.7754558795146861,31.641445663224452,0.8072286464312948
airplane_airplane15.png,30.6301203002825,0.8321162564741295,32.10060396580571,0.8564881538242662
airplane_airplane16.png,27.898949910683406,0.8193643687835627,29.347204062526345,0.8426122371738207
airplane_airplane17.png,26.743509132300858,0.7964879623164333,28.309709780580185,0.8196358329897926
airplane_airplane18.png,28.48027002180757,0.8086998469411729,29.972883017428597,0.8340902398497568
airplane_airplane19.png,26.498346843279332,0.7780908893488333,27.85892031249094,0.8119046379110894
airplane_airplane20.png,24.47985153820886,0.6673490156448548,25.746627832054788,0.7064456141309812
airplane_airplane21.png,23.22996540628899,0.7096957027314428,24.60903617319787,0.7431234255820762
airplane_airplane22.png,27.64792467205874,0.7473455059436591,29.124452542613955,0.7871698644393231
airplane_airplane23.png,23.40736278350169,0.7130964527662845,24.85866862522823,0.7567123231038166
airplane_airplane24.png,25.423287247696145,0.7912273809458625,26.913689746551203,0.8159825698172167
airplane_airplane25.png,26.11499794683208,0.79726166203461,27.518718327508903,0.8285618002552907
airplane_airplane26.png,22.913216904000965,0.6873295196256191,24.273762579851734,0.7256437789875326
airplane_airplane27.png,23.032052701315003,0.6720765261518246,24.272994801928107,0.7067456557886828
airplane_airplane28.png,23.110841832410244,0.6728803792040275,24.405686093772317,0.7079975047572287
airplane_airplane29.png,23.713895312756087,0.7009223995171244,24.979980463609447,0.7354079689452488
airplane_airplane30.png,23.02238180025907,0.7031936760011454,24.27143264915799,0.739177916292449
airplane_airplane31.png,28.21334887352368,0.7730032426733366,29.635303088192586,0.8098030405214215
airplane_airplane32.png,25.42920443034209,0.709562668167305,26.853190475140188,0.7553320212758654
airplane_airplane33.png,25.20878411814792,0.7793694712372297,26.520526976083524,0.815469602410373
airplane_airplane34.png,25.48698168762682,0.7105293758067441,26.880294356537092,0.7477341405050731
airplane_airplane35.png,27.787877678706565,0.7928759603704679,29.155315759519787,0.8233631986201028
airplane_airplane36.png,25.471366009556675,0.7842784709522698,26.846313195676426,0.8193685119793661
airplane_airplane37.png,28.31564411955867,0.7887475842060278,29.717952331110027,0.8222668593617803
airplane_airplane38.png,26.793622408220763,0.7083245247931899,28.561565975559816,0.8049813129273607
airplane_airplane39.png,25.06805796098737,0.6400409061776915,26.67144837068429,0.7475342711956755
airplane_airplane40.png,25.034392138696898,0.6733105413242799,26.610376878059732,0.7769504014323827
airplane_airplane41.png,23.822185114425697,0.6387890063685617,25.475984450560375,0.7101319837123531
airplane_airplane42.png,25.316270016331423,0.6062423914430726,26.709898386352027,0.6821552175578115
airplane_airplane43.png,25.281295132804765,0.6230172605686475,26.642683867463642,0.6999985153289916
airplane_airplane44.png,27.01208007438975,0.5784561417956143,29.71083973967247,0.7545417255272983
airplane_airplane45.png,25.32822200473358,0.6347884610376403,27.01148027199007,0.7575413664808343
airplane_airplane46.png,24.63800194544875,0.6553986650122606,26.07922029484901,0.7366283711512452
airplane_airplane47.png,25.4941883308293,0.6189304782066684,27.583021769322627,0.7163530304509201
airplane_airplane48.png,23.062202409794615,0.6963759013154175,24.376413375236112,0.7511707419052733
airplane_airplane49.png,21.6293313130077,0.6561213600657265,23.10405235705579,0.7183503429928195
airplane_airplane50.png,23.40168480850888,0.6739848881920736,24.683867950056843,0.7469364653233567
airplane_airplane51.png,24.418782348452584,0.6290044037680292,25.885382370637625,0.7167207302564328
airplane_airplane52.png,27.095481629986217,0.7284043339136206,28.78238918120394,0.7967663421863046
airplane_airplane53.png,24.826975137233127,0.7030832714729884,26.33992739239539,0.765901915218315
airplane_airplane54.png,25.16949738440112,0.6824733633948808,26.832327299477683,0.7639482997628992
airplane_airplane55.png,25.32381967393327,0.7181228534006253,26.694161076115094,0.7784548111034375
airplane_airplane56.png,25.42811573576241,0.7197912929052751,26.71469916633749,0.789261818765675
airplane_airplane57.png,26.232294364155354,0.7026687945020837,27.881961096404375,0.7878249921816066
airplane_airplane58.png,27.342210945240385,0.5942074418892133,29.739623099684593,0.7535383534393132
airplane_airplane59.png,23.88429303682546,0.6641167751766236,25.368548549260264,0.7358044043561254
airplane_airplane60.png,25.557540405312523,0.7029457378489231,27.437983135875754,0.7825473818501938
airplane_airplane61.png,25.029841739961313,0.6739470948520622,26.804836956071462,0.7514433139801089
airplane_airplane62.png,24.37629349730903,0.6789218835661391,26.08092624968606,0.7530819397996676
airplane_airplane63.png,23.931826197186904,0.6762610399367682,25.626422694679384,0.7518244115867483
airplane_airplane64.png,23.846601886176835,0.6624813272829556,25.761312770994497,0.7372432809110235
airplane_airplane65.png,24.141900128549516,0.6806329534296006,25.814046013481843,0.7465183159461208
airplane_airplane66.png,23.925060722499897,0.6064744123143844,25.53725697822089,0.6804445334922664
airplane_airplane67.png,21.84914195462257,0.6707842582640655,23.215958871559916,0.7287380126612834
airplane_airplane68.png,24.217009013731005,0.6813817717558234,25.91825952738101,0.7619503178813566
airplane_airplane69.png,24.889591668936724,0.7018037847728342,26.731114832021703,0.7885493233401522
airplane_airplane70.png,25.021558684951863,0.6900758405629053,26.875109840669893,0.7828201620619014
airplane_airplane71.png,23.81133902322175,0.6681284136320502,25.338509815786527,0.7495651263064089
airplane_airplane72.png,26.265665607760333,0.6901779848098007,27.911879283344064,0.7922493643226507
airplane_airplane73.png,26.220309528420728,0.7833404625200115,27.379981470781708,0.8030786803372262
airplane_airplane74.png,25.782097887616068,0.797583218211555,27.119661085712966,0.8163681997228251
airplane_airplane75.png,25.45357250129188,0.7955389174155655,26.77193717032459,0.8165296491277412
airplane_airplane76.png,25.05284294241608,0.7848927930147932,26.520528438175234,0.8066254617041513
airplane_airplane77.png,26.625772653964177,0.7748914986019658,27.98165664258686,0.8015148731042292
airplane_airplane78.png,26.55862315647449,0.759999822022975,28.197459388534163,0.800966983953657
airplane_airplane79.png,27.059391843147218,0.8128869212343607,28.349956675779744,0.8403136932486144
airplane_airplane80.png,29.513664343480954,0.8687527483890775,30.80820131305158,0.8869380191558247
airplane_airplane81.png,25.55805977431932,0.7747084708630013,27.084304496636186,0.8021371734606835
airplane_airplane82.png,25.768332434074217,0.7656578726447664,27.330330940034628,0.7965206196024376
airplane_airplane83.png,26.841050997748226,0.7290963505678825,28.920968570805627,0.8195079658783666
airplane_airplane84.png,26.11654174035396,0.80522810058011,27.3942553653003,0.8268007307813674
airplane_airplane85.png,26.317628763439863,0.7948164236724208,27.51965064240748,0.8183491439546606
airplane_airplane86.png,27.04727821997153,0.735241033977482,28.416414703494027,0.7600187330363581
airplane_airplane87.png,22.688239729934562,0.694274841859443,24.040919426342686,0.7147083950977686
airplane_airplane88.png,27.095528795283613,0.7493299566980137,28.464624655118772,0.7772022912915908
airplane_airplane89.png,28.821504258925433,0.81775659572594,30.109259083580948,0.8422146074459939
airplane_airplane90.png,24.716174380506587,0.7774067868544424,26.32363711766931,0.8075705461803118
airplane_airplane91.png,26.45363828012036,0.7835469143506685,28.019631043149186,0.8138205747901235
airplane_airplane92.png,28.318301652534615,0.8540999147037519,29.75368286431746,0.877894814113881
airplane_airplane93.png,28.275978240910035,0.821350009792455,29.992361361892016,0.8441205461885392
airplane_airplane94.png,27.061775764471236,0.8547283908455862,28.411109674694693,0.8741286625974184
airplane_airplane95.png,28.55926144362786,0.7836922113657409,30.02511351072423,0.8118802848972115
airplane_airplane96.png,25.072379995261667,0.6838785855842069,26.58320270233198,0.7159728753583554
airplane_airplane97.png,24.531971719899538,0.6829745590103712,25.872039864796385,0.7128162219814783
airplane_airplane98.png,26.591752573013917,0.7660860232042901,28.064724213211626,0.7931243292399033
airplane_airplane99.png,24.058527149107924,0.6968232615548887,25.46321663227183,0.7221080915368678
baseballdiamond_baseballdiamond00.png,31.645149922215815,0.8406134966931466,33.858360372238586,0.8636578132537276
baseballdiamond_baseballdiamond01.png,31.729611280932662,0.8046214815672551,33.318937369582706,0.8338968289817369
baseballdiamond_baseballdiamond02.png,31.03815344140173,0.8102310370435154,32.536420531139186,0.8350892213054814
baseballdiamond_baseballdiamond03.png,32.373341082876955,0.8204981081000926,34.11504109228071,0.85344204836894
baseballdiamond_baseballdiamond04.png,32.006273779099025,0.8046274106827752,33.85354995495106,0.8369716253716121
baseballdiamond_baseballdiamond05.png,30.980991723722198,0.7897746556611306,32.62235432593626,0.8211788015123673
baseballdiamond_baseballdiamond06.png,32.83211751301562,0.8506221018267085,34.83776884168581,0.8788416848303876
baseballdiamond_baseballdiamond07.png,32.94622317360593,0.8413171401902577,34.74226352454268,0.8682853332063901
baseballdiamond_baseballdiamond08.png,32.57684100556376,0.8487890796084171,34.65594232943178,0.8739359078910686
baseballdiamond_baseballdiamond09.png,33.656992842790515,0.8465136512298388,35.35431203024081,0.8695788604143189
baseballdiamond_baseballdiamond10.png,31.227201743824978,0.8057511679460964,32.77005101878486,0.8413590928930663
baseballdiamond_baseballdiamond11.png,35.04186392753792,0.8420855733388622,36.487141566438424,0.8734927825897787
baseballdiamond_baseballdiamond12.png,25.536779701680146,0.7156423126853033,27.877207402472905,0.7853044350859094
baseballdiamond_baseballdiamond13.png,28.064808454050635,0.7065806578087536,30.56364545837703,0.7835324717457904
baseballdiamond_baseballdiamond14.png,30.917485815853606,0.8359533848431447,32.7195408403326,0.8620880376486135
baseballdiamond_baseballdiamond15.png,27.015538228565465,0.6771847624903239,28.741083337000568,0.7144058274753364
baseballdiamond_baseballdiamond16.png,27.03137922825156,0.5995309154294745,28.521727641722624,0.639107544068204
baseballdiamond_baseballdiamond17.png,26.22781954776285,0.6276233408619528,27.66092661043137,0.6669536954366607
baseballdiamond_baseballdiamond18.png,28.274172638836763,0.6707852572375398,29.714182579497447,0.7094358613057974
baseballdiamond_baseballdiamond19.png,26.665656495801045,0.6483331102205269,28.11224682975331,0.6803518476110313
baseballdiamond_baseballdiamond20.png,26.6395585110663,0.6389172848131386,28.22986494769075,0.6731034295108872
baseballdiamond_baseballdiamond21.png,29.004488195807426,0.6735654938755644,30.449295780197176,0.7174929274253597
baseballdiamond_baseballdiamond22.png,30.54581674430377,0.716628021190877,32.122939644193735,0.7543221170587343
baseballdiamond_baseballdiamond23.png,29.606713444058133,0.6652788949227876,31.126398742190332,0.7078694079290131
baseballdiamond_baseballdiamond24.png,30.407310657096044,0.6785921823051098,31.954307689071126,0.7206295407372973
baseballdiamond_baseballdiamond25.png,28.82943137779479,0.6706778757581885,30.295172249370022,0.7107910874883699
baseballdiamond_baseballdiamond26.png,28.98803928964215,0.6004084071946448,30.426509126088945,0.6501473147585339
baseballdiamond_baseballdiamond27.png,28.687464157339228,0.6095164122054233,30.380724715222925,0.6594677801793837
baseballdiamond_baseballdiamond28.png,30.15746789497792,0.8195976863219548,31.649751052567314,0.8403266358228652
baseballdiamond_baseballdiamond29.png,30.24237787709803,0.8706889427069388,32.26296885854374,0.8910481559130863
baseballdiamond_baseballdiamond30.png,32.936494763649605,0.8965748976145882,34.74601582821914,0.9144037289055726
baseballdiamond_baseballdiamond31.png,25.657623196460648,0.8182611459287584,27.309885375953936,0.8392430640044155
baseballdiamond_baseballdiamond32.png,34.10663374724755,0.8854489127336215,36.55508859061107,0.921451404168772
baseballdiamond_baseballdiamond33.png,33.322285980176815,0.8684177654533786,35.86464699114938,0.9087248594662803
baseballdiamond_baseballdiamond34.png,35.54381845982316,0.8881848984341731,37.90271345833355,0.9248997069203166
baseballdiamond_baseballdiamond35.png,29.721955680596825,0.8481523973576893,31.167431245709984,0.8682284094864938
baseballdiamond_baseballdiamond36.png,29.963462588567744,0.8356424015607281,31.17316383508928,0.8565284600113161
baseballdiamond_baseballdiamond37.png,30.081452134144925,0.8231577650807034,31.780448417024616,0.8541727324237701
baseballdiamond_baseballdiamond38.png,29.988176416414323,0.8282010820952781,31.62251819227642,0.8571141369906877
baseballdiamond_baseballdiamond39.png,27.102466103055484,0.8002110242516017,28.545951449600473,0.82495800512232
baseballdiamond_baseballdiamond40.png,27.413602912675245,0.7955406558238408,28.730465108971064,0.8294268918097855
baseballdiamond_baseballdiamond41.png,28.78222361530757,0.8030253516875181,31.04214788907679,0.8494221629215377
baseballdiamond_baseballdiamond42.png,29.51301109719818,0.7593407320767754,31.604502404773886,0.8387128461313812
baseballdiamond_baseballdiamond43.png,28.095837684993544,0.7110936349169426,29.988468228620235,0.7657882446078927
baseballdiamond_baseballdiamond44.png,26.509518256084924,0.7515312338263603,27.81875965113852,0.7907608333591959
baseballdiamond_baseballdiamond45.png,26.645452093622453,0.7953300959499732,27.98280371627758,0.8241755678464767
baseballdiamond_baseballdiamond46.png,28.38658777703893,0.7372930231078852,30.049896762900723,0.7937571875456305
baseballdiamond_baseballdiamond47.png,27.428782744738793,0.7589067384105959,28.867289288241217,0.795224153613275
baseballdiamond_baseballdiamond48.png,27.689030011866333,0.7592907708869557,29.203046114015926,0.8004130843947018
baseballdiamond_baseballdiamond49.png,26.292580408745444,0.7626087023871947,27.67591379258045,0.7947805081462748
baseballdiamond_baseballdiamond50.png,26.63260770282875,0.7649376887326672,28.213376090243546,0.7936410564309467
baseballdiamond_baseballdiamond51.png,26.467773750625252,0.770798780511092,28.18369173808208,0.8047840834166539
baseballdiamond_baseballdiamond52.png,27.64026895653815,0.7561970251785707,29.27970972773221,0.7946769431745642
baseballdiamond_baseballdiamond53.png,34.71051651726617,0.8925329554265632,36.349119528568494,0.9257744573309693
baseballdiamond_baseballdiamond54.png,34.804282518009636,0.8923562783134239,36.37169907177831,0.9225909805112623
baseballdiamond_baseballdiamond55.png,32.537111134330154,0.8575092417574753,34.8046556997809,0.9102109930407631
baseballdiamond_baseballdiamond56.png,33.228405441384744,0.8683341666980144,35.93063057529,0.9213245635883802
baseballdiamond_baseballdiamond57.png,33.128938845972854,0.8748781053491445,35.34835094906994,0.9085321159051507
baseballdiamond_baseballdiamond58.png,30.214652718812797,0.8785398735518748,32.70587404752809,0.8944765484198548
baseballdiamond_baseballdiamond59.png,25.635279589462556,0.6408159543048142,27.079570827939385,0.6848687375300566
baseballdiamond_baseballdiamond60.png,26.41363412437085,0.6426105568915524,27.74837017782779,0.6821890286314142
baseballdiamond_baseballdiamond61.png,24.935827918868235,0.6209935810352042,26.31805993682667,0.6584255278933755
baseballdiamond_baseballdiamond62.png,27.30964905845721,0.6488134093830541,28.838389162119565,0.6901801900049869
baseballdiamond_baseballdiamond63.png,27.074354778824095,0.6419002868127749,28.6056335413342,0.6837430291150624
baseballdiamond_baseballdiamond64.png,26.24494046654987,0.6310865302667534,27.651527404526238,0.6673583483822488
baseballdiamond_baseballdiamond65.png,27.62004755472943,0.6239122658341677,29.176136528830824,0.6665569904394797
baseballdiamond_baseballdiamond66.png,35.63991904167361,0.8892647173243549,37.2111070453422,0.9108358167183734
baseballdiamond_baseballdiamond67.png,35.6505675365164,0.8899840868540178,37.111576629280314,0.910585960487695
baseballdiamond_baseballdiamond68.png,36.364428075253926,0.8935750381793882,37.684292918763624,0.9128549830637429
baseballdiamond_baseballdiamond69.png,35.383025018724375,0.8840132383341149,36.7322900862668,0.9039676405127156
baseballdiamond_baseballdiamond70.png,34.491899912896585,0.8721861205708685,35.83703161617495,0.893436540921506
baseballdiamond_baseballdiamond71.png,35.50482202633838,0.8779020963411414,36.89954137765668,0.8993405111011064
baseballdiamond_baseballdiamond72.png,35.22611655730228,0.8905742057935715,36.64146495757823,0.9103992341960903
baseballdiamond_baseballdiamond73.png,37.92745813913127,0.9149626843754909,39.58011190948982,0.9335854556775411
baseballdiamond_baseballdiamond74.png,32.314497254423564,0.9065515138365341,34.14287909144476,0.9271067514993981
baseballdiamond_baseballdiamond75.png,36.41299289687209,0.9279416088990047,37.719117673896726,0.942843843280791
baseballdiamond_baseballdiamond76.png,36.564983570923786,0.9235567870656909,38.50856340094409,0.9415794037333652
baseballdiamond_baseballdiamond77.png,37.71143413768121,0.9106734162092615,39.23281467347807,0.9283518427258244
baseballdiamond_baseballdiamond78.png,36.807479389256,0.9107926782249672,38.259679280680544,0.9283612884144825
baseballdiamond_baseballdiamond79.png,23.038906478187705,0.5663314783328632,24.386712357768175,0.6058508649495422
baseballdiamond_baseballdiamond80.png,33.21831194832765,0.8281959815178287,34.817843672878055,0.8590587263699673
baseballdiamond_baseballdiamond81.png,31.239133756455338,0.8076617741829694,33.05458494142495,0.8415909110480159
baseballdiamond_baseballdiamond82.png,31.03895814729157,0.7930699735537009,32.67058133588737,0.8255867482489765
baseballdiamond_baseballdiamond83.png,34.66630044942018,0.8264370062271386,36.23367303246787,0.8587114326494808
baseballdiamond_baseballdiamond84.png,34.12362198325593,0.8269578653311819,35.60024061101491,0.859198025562772
baseballdiamond_baseballdiamond85.png,33.65336410226709,0.8094603522276929,34.986874307365625,0.8423557374288548
baseballdiamond_baseballdiamond86.png,33.57320106613794,0.8460923013155713,35.00342142719508,0.8761436790686419
baseballdiamond_baseballdiamond87.png,32.683756631519685,0.8223486652229313,34.23117520058179,0.8553501632208752
baseballdiamond_baseballdiamond88.png,31.52182830360374,0.7980619253759489,33.33302337217488,0.8347459336847887
baseballdiamond_baseballdiamond89.png,31.59788136363549,0.8239313959803457,33.19267601971909,0.8531501018222131
baseballdiamond_baseballdiamond90.png,36.20170025508094,0.8476696138798502,37.79100692561166,0.8790475778617348
baseballdiamond_baseballdiamond91.png,31.284573280216517,0.8610248290210669,33.23939972836782,0.8856010505587185
baseballdiamond_baseballdiamond92.png,31.029950932553835,0.8509181623662765,32.69047018853059,0.8759625164148571
baseballdiamond_baseballdiamond93.png,30.36084705150604,0.8272683424281358,32.08013534811086,0.8541807284704189
baseballdiamond_baseballdiamond94.png,34.45746188451253,0.9035667713522054,36.676155791685076,0.9280804398177418
baseballdiamond_baseballdiamond95.png,27.558607339986743,0.8515221001862989,29.45138467446556,0.8737892069262995
baseballdiamond_baseballdiamond96.png,29.62263245612942,0.8820610854492882,31.365946244153967,0.9002615335497289
baseballdiamond_baseballdiamond97.png,31.332295711782372,0.8992504808452942,34.19673804181937,0.9267334242083892
baseballdiamond_baseballdiamond98.png,30.75171448744125,0.8930263159906616,33.41522837330863,0.9234594280729725
baseballdiamond_baseballdiamond99.png,31.133751825652006,0.889749951506416,33.27374949388473,0.9175185240394412
beach_beach00.png,26.99959783493954,0.7342157254453142,28.40830414982412,0.7530954443168106
beach_beach01.png,25.527696363054908,0.6412444728769747,26.77173629163661,0.6576569077652947
beach_beach02.png,26.36867538991636,0.7423950136600471,27.696517569910704,0.7529998536715772
beach_beach03.png,26.686522526274906,0.729223088687713,28.013594914793497,0.741910451075315
beach_beach04.png,26.042295574341118,0.6929678085798523,27.333890633552976,0.7046845270415175
beach_beach05.png,25.141263511444684,0.6848855287584784,26.490976039807435,0.6975088512305084
beach_beach06.png,32.828289414566186,0.932522002926872,34.07834730140664,0.9402264897559716
beach_beach07.png,34.092930785044004,0.9285184419904161,35.474943867458066,0.9387569255826513
beach_beach08.png,34.359075300100606,0.8996019665910415,35.86240146665615,0.9137836571793753
beach_beach09.png,30.641207992469887,0.8549911741303875,32.061144948994446,0.8672839115160614
beach_beach10.png,30.292209044258392,0.842711044059369,31.617363419046672,0.8574250727280955
beach_beach11.png,35.84861423461315,0.8991090398567154,37.31417133610108,0.9150546101487794
beach_beach12.png,35.1611488146792,0.9005660772293062,36.65495113551217,0.9179620860807943
beach_beach13.png,37.75534151045588,0.930474253576319,39.799625317935686,0.9440613445743556
beach_beach14.png,38.61090663082345,0.9279212942187846,40.58116741008395,0.9447824406194854
beach_beach15.png,36.85541443392357,0.927491522541278,38.21806876582785,0.9402233958675221
beach_beach16.png,41.88089821948264,0.9605378007806493,43.87969533349417,0.9694048106708295
beach_beach17.png,41.615232822658626,0.9625452567921035,43.50708173784213,0.9709735534654133
beach_beach18.png,42.36547549256329,0.96433755936996,44.378093806036944,0.9732545023060106
beach_beach19.png,34.56800365522194,0.8999336294459007,35.868940178946325,0.913858458269402
beach_beach20.png,34.1013496591281,0.9096801116378822,35.704249981752284,0.9242844234976516
beach_beach21.png,34.45592625240396,0.9031186292436363,36.15629917890243,0.9189421141506277
beach_beach22.png,34.52410163234169,0.9023088087195,35.76868415031051,0.9135839109172124
beach_beach23.png,33.131967414067425,0.8933599412298951,34.54970009394687,0.9065092362810272
beach_beach24.png,35.72458401516104,0.9158265451508826,37.3693307516864,0.9333459696368427
beach_beach25.png,37.183493983540565,0.9370798147767528,38.79465791842095,0.9500422815980348
beach_beach26.png,37.77255799667494,0.9244286927279991,39.429788808903936,0.9391983833489291
beach_beach27.png,29.141038906980008,0.7822087168169527,30.575882195297417,0.8047584000393185
beach_beach28.png,28.861828473376935,0.7598816952841472,30.176394921326096,0.7820390991580882
beach_beach29.png,32.59418926044679,0.8435624093356289,33.92127036571869,0.861041367672946
beach_beach30.png,32.32451854835226,0.7828598821123071,33.69460259717855,0.8058902482336556
beach_beach31.png,35.684365479212246,0.8810002175888365,37.30206529815237,0.9014908003321738
beach_beach32.png,32.64995726601239,0.8117160530267631,34.1355053246281,0.8331375639918259
beach_beach33.png,29.57412815935742,0.7510443851480214,30.864438048320082,0.7695606402424818
beach_beach34.png,31.495552659536227,0.7969603262384554,32.943396646221686,0.8240280507517616
beach_beach35.png,33.184630289770716,0.8675581628099364,34.56412561073155,0.8859729994514508
beach_beach36.png,32.23754945525833,0.8236892042604271,33.470872861962945,0.8379665281894423
beach_beach37.png,30.48472799263728,0.7756329758672443,31.708778771750154,0.7902943906242493
beach_beach38.png,28.39740078389714,0.7189898124481217,29.64216493459004,0.734822948013849
beach_beach39.png,28.913705268453548,0.8478984473368488,30.574905259152402,0.8666755843020936
beach_beach40.png,29.992342045090908,0.8449377908097349,31.09975831178176,0.8541519272109833
beach_beach41.png,28.611048000127038,0.8428817969200337,30.05687768818538,0.8556891191693652
beach_beach42.png,29.706387851974494,0.8615265377459796,30.987398594469767,0.8749212339621752
beach_beach43.png,32.1818209571093,0.8150030045313891,33.38112938009925,0.8320321772986664
beach_beach44.png,31.17812139635101,0.8018435824746017,32.32171213036195,0.816634510999782
beach_beach45.png,28.014411940425383,0.7396137927704366,29.21178355449683,0.7563126222539689
beach_beach46.png,29.666310731939355,0.8171992312479044,30.825166973929264,0.8279186346171908
beach_beach47.png,29.950147084535526,0.8261771806901953,31.121874662154706,0.8362605245319198
beach_beach48.png,29.719048121313506,0.8230586179492185,30.8805624512119,0.8335496719342371
beach_beach49.png,35.84594154583661,0.9255286315010816,37.30158689167577,0.9383649983248421
beach_beach50.png,32.012411235004905,0.8910323330004165,33.29884170585496,0.9038224797016364
beach_beach51.png,33.51028542147435,0.9106848938104729,35.080964711365674,0.9249622341787644
beach_beach52.png,35.78017401204784,0.926078163036125,37.23216700309087,0.9372312385211544
beach_beach53.png,36.41531967588159,0.9165383975068174,37.91080113095565,0.9305714184323494
beach_beach54.png,34.80744448783598,0.8918635832292413,36.289002246646604,0.9098236847294091
beach_beach55.png,33.07019393269131,0.877663590185517,34.41468072856095,0.8934711693433193
beach_beach56.png,31.84956324026342,0.8333894967232762,33.19620179038384,0.8557037159119656
beach_beach57.png,35.03634115472488,0.8786149936317127,36.82875806125602,0.8985685873648565
beach_beach58.png,34.883342556629906,0.8974849950210402,36.86324338046423,0.9162076340402491
beach_beach59.png,34.972865100378634,0.9006513867824429,36.72897031398105,0.9203787488909898
beach_beach60.png,33.2314470056552,0.8390460589060543,34.89866235388521,0.866135084372405
beach_beach61.png,32.95394288719157,0.8379718874554761,34.620379235402574,0.8631300065938845
beach_beach62.png,33.962792318088326,0.8548547419650605,35.794765833159346,0.8819772905098874
beach_beach63.png,35.293060333739234,0.8820311537458546,37.20262489577395,0.9073294682414904
beach_beach64.png,34.74674675762415,0.8612245740921985,36.759501258414986,0.8919960441948659
beach_beach65.png,35.65038785101885,0.8863908472887632,37.7887220893699,0.9157936355277846
beach_beach66.png,34.990075007955774,0.8748767985110982,36.94135062541101,0.9000923526782832
beach_beach67.png,31.671488156971815,0.8044707356243826,32.88346359563138,0.8177044314431051
beach_beach68.png,31.669800280002143,0.8008917953654614,32.893327524203016,0.8180534037503251
beach_beach69.png,31.523808934585993,0.7895620384813787,32.80176996640323,0.8079928017088999
beach_beach70.png,32.782238949922345,0.8113179318639062,34.00916131457035,0.8299906788203224
beach_beach71.png,32.96338922304667,0.825161678320097,34.11862498024347,0.8415817278135403
beach_beach72.png,33.31670568747456,0.8276138456305452,34.69248363194338,0.8494172792825139
beach_beach73.png,25.80750568250139,0.6571777468665929,27.1747734262961,0.683492182609889
beach_beach74.png,24.51818975992179,0.601982485330054,25.76791649121908,0.6285582111900951
beach_beach75.png,35.54120761320468,0.9343172173041521,37.18567605288087,0.9455458500402963
beach_beach76.png,35.662716029817645,0.9307516796336798,37.24044824108531,0.9416968237376789
beach_beach77.png,32.180868338477715,0.9118090206229669,33.841937743294444,0.9255477492396627
beach_beach78.png,37.28676323186556,0.9465934943541594,38.87664023767675,0.9582736063383839
beach_beach79.png,40.64714393193729,0.9520414280170152,42.592472786005914,0.9614680148677532
beach_beach80.png,39.648622310200665,0.937602521368142,41.42304815508601,0.9495193502876763
beach_beach81.png,38.772943665607805,0.9317939824292675,40.474654893820976,0.9421978330977506
beach_beach82.png,41.15717455685313,0.9601128406690803,43.379218518024636,0.967830203556599
beach_beach83.png,40.85874180565055,0.9505272101301258,42.90598638674388,0.9601696033004734
beach_beach84.png,42.07969525260029,0.9629931651373548,44.58213469882196,0.9722402473637567
beach_beach85.png,34.03384750195245,0.8747049208797889,35.54899752956365,0.9118651780175359
beach_beach86.png,36.330248330262805,0.8854405893724397,38.423430692929735,0.9212013105235598
beach_beach87.png,36.378780031379165,0.8862697095824569,38.60478369012957,0.9233911037518933
beach_beach88.png,34.284678264256954,0.8853969690968158,36.8981642137544,0.9261508232772343
beach_beach89.png,36.92698515689001,0.9003681128459347,39.57422051152317,0.939205289594763
beach_beach90.png,35.89325688388248,0.9018683026277783,38.21297093045621,0.9393333757945208
beach_beach91.png,36.146603658360796,0.8850736819023179,37.82440445000915,0.9165919530224199
beach_beach92.png,35.410963898919825,0.8816553724271351,36.99631033040714,0.9127122411987046
beach_beach93.png,34.1686976519977,0.858232159382338,35.864693086834876,0.8790813403274519
beach_beach94.png,32.66780283705966,0.8438485156809281,34.08886686036417,0.8604318535942254
beach_beach95.png,33.32035844024549,0.8504315709422633,34.80339194241808,0.8700425402281036
beach_beach96.png,32.947684182558326,0.8637712394472894,34.460030996712106,0.8818872905752648
beach_beach97.png,32.49651713709244,0.8487902105805315,33.98403686269395,0.8664432818734972
beach_beach98.png,31.741430480691672,0.8124424590933238,33.21260838988942,0.8327302379981054
beach_beach99.png,32.792157309191154,0.838004300666495,34.26195127393902,0.8578783980004964
buildings_buildings00.png,27.784072260687726,0.830644829039917,29.588770401538774,0.8530590362153351
buildings_buildings01.png,29.157161006276944,0.8529401536289022,30.734362009313664,0.8732263361190502
buildings_buildings02.png,27.812772620562292,0.8593121018515862,29.323048637874333,0.8780945387883976
buildings_buildings03.png,29.05972052623531,0.8523466878202632,30.633797047664487,0.8724831143677171
buildings_buildings04.png,30.378239015968212,0.8682303598654394,32.11775695977411,0.8886267762506411
buildings_buildings05.png,27.244102004741634,0.8460501236430376,28.819399981861537,0.866507177088485
buildings_buildings06.png,28.159186215694323,0.8526744538731621,29.62032010473092,0.8748078994048126
buildings_buildings07.png,25.2841435015364,0.7914196638246572,26.63845523467124,0.8125006675881696
buildings_buildings08.png,25.86280386573218,0.8153949999502438,27.45167257240507,0.8385397097148346
buildings_buildings09.png,23.92561983873383,0.8016504372734646,25.19484793866539,0.817316306437574
buildings_buildings10.png,24.901660811685776,0.7735967052917507,26.197131680664327,0.7917025083334962
buildings_buildings11.png,26.078111824311,0.7759866644104818,27.39126878296365,0.7978965711681407
buildings_buildings12.png,26.40240410793986,0.816421397850013,27.684120259239926,0.8419887427868838
buildings_buildings13.png,24.92885671106428,0.8054243547065854,26.318510239426843,0.8248727768671489
buildings_buildings14.png,25.63160138560946,0.7807224190328919,26.834605209770253,0.8044696359913942
buildings_buildings15.png,24.391055326358565,0.7931537705598387,25.935719136101916,0.8208870954676325
buildings_buildings16.png,26.249257223154917,0.8094753009435229,27.828343845409755,0.8274574384108179
buildings_buildings17.png,28.42366946527664,0.8454593986816108,30.00387696869212,0.8659633821303526
buildings_buildings18.png,26.983069535142,0.804719878749796,28.501916225197572,0.8321295297384697
buildings_buildings19.png,23.993632999073505,0.7726301257269661,25.34442319467008,0.7893316051810111
buildings_buildings20.png,24.59699965509423,0.7854077056939905,25.981349117452183,0.8026057035242151
buildings_buildings21.png,24.42535541679783,0.7646897246789798,25.73470176271012,0.7852446811751486
buildings_buildings22.png,25.582340949790215,0.8035682040507056,27.035102524188865,0.8237138233355383
buildings_buildings23.png,27.126572778086118,0.8197134448623516,28.789402100280782,0.8425563321889442
buildings_buildings24.png,29.89738051078646,0.8805126825032491,31.599463123984798,0.8972488031167043
buildings_buildings25.png,26.144660287152686,0.7300606189689298,27.663186388388404,0.7648989485070015
buildings_buildings26.png,23.44968398497491,0.7331394009513472,24.95038345940398,0.758141001057319
buildings_buildings27.png,24.478718105627966,0.7064800129105598,25.94334119819976,0.7408841817922946
buildings_buildings28.png,21.724717795770164,0.6601683467165781,23.02129148908066,0.696767094142462
buildings_buildings29.png,25.81651738798095,0.7459030393001823,27.264342392188308,0.7829916826506984
buildings_buildings30.png,22.321234698493214,0.6561025299113062,23.73967006003431,0.6883833432721176
buildings_buildings31.png,23.194250325282283,0.676800102127328,24.73496731299629,0.735492937888306
buildings_buildings32.png,24.419411417274386,0.701385882126721,26.153693925591153,0.7531863285434534
buildings_buildings33.png,26.636853366113,0.7384592445258198,27.98864272323557,0.8027058342821659
buildings_buildings34.png,27.665730584707042,0.8243768933272634,29.063821937900972,0.8476101124184273
buildings_buildings35.png,27.898557703157408,0.773630550931788,29.6958241642629,0.8144602746123345
buildings_buildings36.png,19.37821168908986,0.6509629364604076,20.561720412152376,0.6720818106415369
buildings_buildings37.png,19.487975089719086,0.6136157999537928,20.742140064888655,0.6359329116264486
buildings_buildings38.png,19.880028665754537,0.6444822548754857,21.262502268487125,0.6703461156367718
buildings_buildings39.png,19.89671495913679,0.6549432311576576,21.250539180476906,0.682162153767356
buildings_buildings40.png,19.908073431070733,0.640653400424105,21.220429066511997,0.6599593840739044
buildings_buildings41.png,19.183817291341217,0.6272256199745351,20.444461090354476,0.6439749362708717
buildings_buildings42.png,18.817668011255563,0.6213826467828664,19.975984681123332,0.6349169490630792
buildings_buildings43.png,20.22118443863303,0.6311848449126419,21.615670569797913,0.6526736538013964
buildings_buildings44.png,20.344300746968138,0.6447505918835704,21.602410291331488,0.6661582906059226
buildings_buildings45.png,20.045869112288003,0.681927912858055,21.277714516398966,0.7011460870829752
buildings_buildings46.png,18.913729181941083,0.6105310539214436,20.376053937819137,0.6283781004897798
buildings_buildings47.png,18.111881396303428,0.5660550970206073,19.370804216860684,0.588759519606866
buildings_buildings48.png,17.827316531419395,0.5881434405170886,19.006734031811682,0.6033027029043991
buildings_buildings49.png,20.398564840465625,0.6950641549502891,21.723120285725038,0.7119760573422739
buildings_buildings50.png,22.94209650377265,0.7382809800535582,24.22801784847653,0.760396333600425
buildings_buildings51.png,20.62420109584739,0.6898950380977267,22.041672621426095,0.7119551799347323
buildings_buildings52.png,31.538435457900228,0.9081232243703994,33.2270996553811,0.9264347145669457
buildings_buildings53.png,22.523315608911204,0.7039143900508523,23.538331431783277,0.722116201605501
buildings_buildings54.png,23.29777649211354,0.7076709454617679,24.224966782290803,0.7259445259381603
buildings_buildings55.png,26.506095965863985,0.8195230064149889,27.901635569226258,0.836575472071053
buildings_buildings56.png,22.636169729645907,0.6615694826888477,23.71745536179037,0.6923079709983704
buildings_buildings57.png,23.512374728097903,0.6660117443608812,24.915143183544792,0.7067027890679712
buildings_buildings58.png,23.338453366806707,0.715575861168786,24.24405872798726,0.728636736744734
buildings_buildings59.png,24.170715918324987,0.7558148091358898,25.074803461775986,0.7705074084361123
buildings_buildings60.png,25.33711971724461,0.7831797974654408,26.319111335901443,0.8032228376400558
buildings_buildings61.png,25.80319805003313,0.8007016366623763,27.381424577352035,0.8164092343362239
buildings_buildings62.png,26.415278306649434,0.8047535349639681,27.478303483935555,0.8182244736289679
buildings_buildings63.png,24.384227025450333,0.7460318539990128,25.92606688560916,0.779927117770443
buildings_buildings64.png,25.493761035066473,0.7970769679160572,26.870276959423705,0.8270262410181553
buildings_buildings65.png,29.1521510534378,0.7948575354973152,30.5316550445268,0.8490184021028966
buildings_buildings66.png,25.04505168701304,0.7314920438920063,26.376761386748385,0.7815683611885762
buildings_buildings67.png,25.025687161400757,0.7474567800372159,26.10216179987363,0.7855180152989233
buildings_buildings68.png,23.493775717890763,0.7360202583616345,24.429051748445065,0.7524747982874251
buildings_buildings69.png,25.669386272196615,0.8023745491248988,26.87215260344302,0.8245663825797128
buildings_buildings70.png,27.922691647657395,0.8348633253438157,28.814123244628924,0.8380065435086264
buildings_buildings71.png,28.320842193217736,0.8510484432538435,29.389868114569417,0.8679033483768595
buildings_buildings72.png,26.909611864066907,0.8445696495654524,28.00092682411475,0.8543847845918163
buildings_buildings73.png,25.821849572537992,0.8158865444697904,26.693247119071057,0.8298060651024111
buildings_buildings74.png,26.300590899827835,0.8219652889735651,27.222162674436007,0.8248727096826586
buildings_buildings75.png,25.79341404802651,0.814529166316282,26.88266749796034,0.8225793199273829
buildings_buildings76.png,25.644068276393355,0.7956246814149518,26.47457325550135,0.801573524207502
buildings_buildings77.png,25.939160874781475,0.8240965812503549,26.788994582802612,0.8332648638706628
buildings_buildings78.png,22.708056941345713,0.5825031108752375,24.070595889432784,0.6147678598176877
buildings_buildings79.png,21.33301856362265,0.6014118842368399,22.66899797012673,0.6251136066819087
buildings_buildings80.png,22.29936087018313,0.622147676313696,23.65011804736342,0.6518919796010093
buildings_buildings81.png,16.258365998007026,0.5123241502388617,17.685363561049126,0.5500469875426847
buildings_buildings82.png,15.110411823815273,0.4484943913927116,16.3855640060653,0.4713228445549651
buildings_buildings83.png,20.368150841779965,0.49128990719799415,21.636326478126477,0.5337271571672386
buildings_buildings84.png,13.926146678314728,0.4122669752121597,15.195455532612112,0.42589396863394224
buildings_buildings85.png,26.18223437371565,0.7019276296628562,27.764244804669588,0.7500960469822527
buildings_buildings86.png,31.398597011914852,0.882570364600849,33.01355635163384,0.905499535812323
buildings_buildings87.png,26.056731418960734,0.8014308854104253,27.874957993107763,0.8227785713945895
buildings_buildings88.png,23.44925934438342,0.7080989368243387,24.71736918137967,0.7281702599956348
buildings_buildings89.png,23.46433712933951,0.7245876455638202,24.73813908493621,0.7433509874481709
buildings_buildings90.png,21.335108150784173,0.6756437215839973,22.983636895674138,0.6938742646127706
buildings_buildings91.png,21.938118481043134,0.6594208924236838,23.269222801544217,0.675638702154008
buildings_buildings92.png,23.25220112502442,0.7668431735810186,24.081774273756285,0.7677123474822819
buildings_buildings93.png,20.22114404642143,0.6452112159922888,21.458567234218428,0.6721726240691409
buildings_buildings94.png,18.627767245821065,0.5902336583724646,19.9363433081935,0.6147373227551167
buildings_buildings95.png,20.83222004246005,0.6683612978798831,22.43566866698601,0.7094418465308495
buildings_buildings96.png,23.06372277694715,0.7798063265364538,24.59134048045552,0.8059687652051903
buildings_buildings97.png,23.075412595731272,0.7126972666823758,24.657900489872024,0.7484103078029779
buildings_buildings98.png,23.650328347429177,0.6950959779936218,24.888359576137503,0.7254692621182656
buildings_buildings99.png,24.523778834708473,0.7172567056898028,25.814135066389202,0.7490435668768546
chaparral_chaparral00.png,24.05721610357887,0.6076703941934035,25.7695909251568,0.6567143327828879
chaparral_chaparral01.png,23.95407806537897,0.6159910197961179,25.636141170430882,0.6643629300917381
chaparral_chaparral02.png,24.659222794732095,0.6091866373055477,26.150464058764268,0.6541386235691504
chaparral_chaparral03.png,25.36929672263667,0.6374788300623272,27.164004357410455,0.7036768095505445
chaparral_chaparral04.png,24.19933473916337,0.5992787054611055,25.76004362904078,0.6504002705996401
chaparral_chaparral05.png,22.22997204756721,0.5729979695330506,23.888074259682767,0.5986249465604588
chaparral_chaparral06.png,20.16750155454546,0.5766910527295522,21.505566416683255,0.5909841615295717
chaparral_chaparral07.png,22.830521333994135,0.5782868664214762,24.478411123994263,0.6167080205236815
chaparral_chaparral08.png,25.278431564931957,0.7566775130557758,26.685695318755457,0.769983591116818
chaparral_chaparral09.png,24.64413670350545,0.738993604056366,26.066064613678495,0.7513887368899765
chaparral_chaparral10.png,24.69558009239619,0.7432249605453028,26.07700584316894,0.7541590809873092
chaparral_chaparral11.png,27.944124092574107,0.8348460299908439,29.420934668564023,0.8492735920582133
chaparral_chaparral12.png,27.950536700121265,0.8277525118495174,29.263216663914065,0.8426671756300019
chaparral_chaparral13.png,25.663058784611728,0.7923082196242156,27.106445580146243,0.8044204341480284
chaparral_chaparral14.png,26.825484551155068,0.8061886388320287,28.243342997002866,0.8215957779696972
chaparral_chaparral15.png,25.852429091695402,0.7870448547337728,27.23961825608443,0.7996482127351915
chaparral_chaparral16.png,25.417090397295503,0.766358678571966,26.799651257804165,0.7786629866785831
chaparral_chaparral17.png,28.91723075436612,0.7676572203601161,30.387281490850903,0.788844664725987
chaparral_chaparral18.png,29.036062930607955,0.8027902947313419,30.568409514118315,0.8241802754804786
chaparral_chaparral19.png,25.938155605685974,0.798708261225384,27.403109210151534,0.8115405917068194
chaparral_chaparral20.png,26.30782986546951,0.8050572219319893,27.74686579361071,0.8172062952327753
chaparral_chaparral21.png,27.17950381734086,0.7935101688238383,28.514716249964806,0.8074018811258452
chaparral_chaparral22.png,26.61361937966401,0.7509857755360271,27.904949809261552,0.7633732227099824
chaparral_chaparral23.png,24.875788303316305,0.7821197990627358,26.337290019716157,0.7913548145420927
chaparral_chaparral24.png,23.3035910429177,0.720106006677049,24.677948170892655,0.7345358129000507
chaparral_chaparral25.png,26.92245836682431,0.7636749511562156,28.312601779907418,0.7797833490597007
chaparral_chaparral26.png,25.189319340697164,0.730903505599456,26.492714643209695,0.743301808357744
chaparral_chaparral27.png,25.699712407492243,0.7610504317610487,27.134271797557474,0.7741505858589219
chaparral_chaparral28.png,25.2273026947273,0.7877029043048253,26.691144024078127,0.7982934017718829
chaparral_chaparral29.png,23.66634964395985,0.7225846113133979,25.096897940514005,0.7309320162610173
chaparral_chaparral30.png,23.475205128910794,0.7308161259394801,24.935829093778025,0.7392128117381791
chaparral_chaparral31.png,24.24628322449681,0.7516581550655151,25.669688235560567,0.7581293356980818
chaparral_chaparral32.png,25.13732609232261,0.7753202730987816,26.548953186657393,0.7872251631966676
chaparral_chaparral33.png,26.972607361610343,0.814347883955833,28.421534443099794,0.8272931666641778
chaparral_chaparral34.png,26.628040640042514,0.7956308938098783,28.08645113309227,0.8130408803179825
chaparral_chaparral35.png,26.369856117074306,0.7440648040442438,27.835877745326634,0.7662707352162463
chaparral_chaparral36.png,27.392605418076535,0.7812662928356499,28.859203334727248,0.8015730938315897
chaparral_chaparral37.png,26.499325765213694,0.7979482456389975,27.743070622705325,0.808492885715354
chaparral_chaparral38.png,25.526202164207255,0.7601187693721135,26.992166449181468,0.773928447146421
chaparral_chaparral39.png,24.576913775217804,0.6834314494152615,25.952594481143887,0.6976249216693676
chaparral_chaparral40.png,25.683089337933282,0.7688438177506413,27.082373801315327,0.7838714310568139
chaparral_chaparral41.png,25.755038018357396,0.704897726163947,27.31316686419859,0.7291570527769964
chaparral_chaparral42.png,23.629125207960918,0.5683961854406862,25.02590542763517,0.5878016589534176
chaparral_chaparral43.png,26.033915160415155,0.7119852393897809,27.308617182669753,0.7291335778256441
chaparral_chaparral44.png,25.96154859865191,0.761804260344254,27.252479251374186,0.7756866179223172
chaparral_chaparral45.png,24.90807150405835,0.726401621397803,26.189311460233213,0.7367803299466517
chaparral_chaparral46.png,25.38448084593725,0.7187609649974435,26.845393966088757,0.7376514692723464
chaparral_chaparral47.png,25.73323090366557,0.7808715526222995,27.20416825860355,0.7951849696903373
chaparral_chaparral48.png,26.36686112062013,0.7882492604253278,27.889157845557726,0.804938838641085
chaparral_chaparral49.png,28.339829264875146,0.6986628912341896,29.90908942312064,0.7268437183520012
chaparral_chaparral50.png,24.396227285752545,0.7286904970533067,25.791569153405483,0.7427038599583397
chaparral_chaparral51.png,22.98400868875732,0.7493409481820591,24.411908672412864,0.7592909342128124
chaparral_chaparral52.png,23.256154374983815,0.7439027566880126,24.683101718007535,0.7532658235312448
chaparral_chaparral53.png,23.906174390072877,0.7689731441191499,25.39144884894629,0.780203503617313
chaparral_chaparral54.png,22.872558009108864,0.6668848378893166,24.295489962455925,0.6801893808721408
chaparral_chaparral55.png,24.262201419117595,0.7686509955504168,25.75408828188296,0.778060065143437
chaparral_chaparral56.png,23.593892828730183,0.7439822236294927,25.023733751413076,0.7536753824159572
chaparral_chaparral57.png,23.754665801314758,0.7683176586933863,25.132865334448272,0.778942810654316
chaparral_chaparral58.png,24.307925102018828,0.7886199277898305,25.742333215583628,0.7976912850567777
chaparral_chaparral59.png,27.057392899517172,0.8166869962039546,28.410223246223083,0.8264673160133982
chaparral_chaparral60.png,18.887508060144327,0.3203133407120487,20.172742499214383,0.33945835505809363
chaparral_chaparral61.png,18.463600169997214,0.2658288087142845,19.711199817417114,0.2855781003280459
chaparral_chaparral62.png,18.71444929599787,0.23467752782186713,19.989230869160068,0.2540988006748589
chaparral_chaparral63.png,18.041476485304273,0.21388072988141416,19.292503747914125,0.22940550481010577
chaparral_chaparral64.png,17.59919309081717,0.24052838885455083,18.857349549366013,0.2549634106085516
chaparral_chaparral65.png,20.4098442353682,0.31879294500691263,21.66321645638711,0.33992757344006647
chaparral_chaparral66.png,20.442509033152003,0.31570787092055536,21.70306816280597,0.3368938117125442
chaparral_chaparral67.png,26.28429934457468,0.8297514940646927,27.750952183744225,0.8419729397946485
chaparral_chaparral68.png,26.150942879760013,0.8128130190793746,27.638323920085774,0.8250107891159146
chaparral_chaparral69.png,24.832069671229394,0.7264926801677958,26.19631564434637,0.7433313795914149
chaparral_chaparral70.png,27.188474894621173,0.783187905850402,28.612948030217712,0.8032565480616406
chaparral_chaparral71.png,25.089651724960675,0.7488240620734438,26.505967047470417,0.762041027722233
chaparral_chaparral72.png,26.70139749058553,0.7435850850198022,28.173026096900188,0.7652119232700576
chaparral_chaparral73.png,26.44530447503342,0.7581344506761368,27.9302644521553,0.7735093448230554
chaparral_chaparral74.png,26.555319031328423,0.7885195896377345,28.02285200030846,0.8024711910938379
chaparral_chaparral75.png,28.241864326291896,0.8267664708786103,29.622948752683893,0.839648802217383
chaparral_chaparral76.png,28.492812248778637,0.841033486580209,29.873428369449332,0.8524862931590044
chaparral_chaparral77.png,24.863305530435493,0.7316069110055361,26.235548473798133,0.7493519399131053
chaparral_chaparral78.png,25.92910147620845,0.7543858548308408,27.392418371049587,0.7746366944403862
chaparral_chaparral79.png,25.432029289455205,0.7648119989953495,26.884289351968157,0.7827194061543823
chaparral_chaparral80.png,24.46381407616221,0.6985575100803021,25.859095621007295,0.7170772449076307
chaparral_chaparral81.png,26.583363663194298,0.7620865572723329,27.986836914578635,0.7791982872182674
chaparral_chaparral82.png,25.26553610612773,0.774010841288328,26.73612607316555,0.7870504385994542
chaparral_chaparral83.png,24.232915417788334,0.6882934274494903,25.730927629919165,0.7025177482441001
chaparral_chaparral84.png,23.971511799375662,0.690890799009079,25.292954859893086,0.7010051324438985
chaparral_chaparral85.png,25.630505226508514,0.7786361547294652,27.206697228202707,0.7930050886760145
chaparral_chaparral86.png,23.812639435436385,0.741712875061829,25.27095526854767,0.7576930645503153
chaparral_chaparral87.png,22.881233135028246,0.7206476387065078,24.290200506318374,0.7336072951457571
chaparral_chaparral88.png,28.60620311317743,0.80077848460065,29.896008729083462,0.815189783424459
chaparral_chaparral89.png,27.91220631023578,0.7811962648242927,29.19114673364063,0.7978913659765631
chaparral_chaparral90.png,22.081224482118404,0.5846938384514723,23.483709771377125,0.600597041762826
chaparral_chaparral91.png,21.939794795689696,0.5180399783581352,23.261140653161448,0.5353917628984461
chaparral_chaparral92.png,27.618904550155335,0.8165147404852525,29.075363898054025,0.8310095145357784
chaparral_chaparral93.png,26.702291798257825,0.7853607479453513,28.12520130551881,0.8008416852126496
chaparral_chaparral94.png,22.83877135883798,0.5871945909751072,24.162640050061622,0.604223090054627
chaparral_chaparral95.png,21.93602399721625,0.628222664128477,23.3513584028502,0.6434652120041382
chaparral_chaparral96.png,23.132634038476926,0.6786689303160034,24.526174674868606,0.692043334496837
chaparral_chaparral97.png,26.08432156421248,0.7663831150316783,27.471065491834818,0.7803386620964021
chaparral_chaparral98.png,22.1976491937359,0.6014360292316233,23.595839847893263,0.6171716265635165
chaparral_chaparral99.png,24.26544194256035,0.7538778359451029,25.727252995002765,0.7715649876466406
denseresidential_denseresidential00.png,26.218331763885093,0.8592184634394626,27.77061912743552,0.8742584747745844
denseresidential_denseresidential01.png,26.200383789121574,0.8446486562881099,27.80221479458222,0.8629299416153536
denseresidential_denseresidential02.png,25.921066078329382,0.8346540311795208,27.551127317149945,0.8548081143280375
denseresidential_denseresidential03.png,26.423487844309047,0.8412455613633464,27.96593525003277,0.8582089165601798
denseresidential_denseresidential04.png,26.165781996298776,0.8497740782239088,27.740348722795858,0.8676307970353159
denseresidential_denseresidential05.png,25.779833587299006,0.836547640664461,27.363731690493385,0.8547102163925102
denseresidential_denseresidential06.png,26.639768332419806,0.8504553063523929,28.222043899375173,0.8686657456068464
denseresidential_denseresidential07.png,26.110978741887717,0.8407327220550442,27.54328592271396,0.8581142194532455
denseresidential_denseresidential08.png,26.507979237123934,0.8529185630738573,28.14879685740065,0.8690983528489715
denseresidential_denseresidential09.png,26.09296611748158,0.8517902613607721,27.73508923844286,0.8682901768573776
denseresidential_denseresidential10.png,26.915887168805188,0.8591104090933476,28.606063649899074,0.876874011324304
denseresidential_denseresidential11.png,28.360771868947143,0.8779655691448037,30.048926917578406,0.8946025096024677
denseresidential_denseresidential12.png,27.885936784791173,0.8692967532083253,29.510974287477175,0.8854582327268075
denseresidential_denseresidential13.png,20.59232154781997,0.648115961708983,21.98975153888139,0.6696840133673164
denseresidential_denseresidential14.png,23.359382616561092,0.7301069974290112,24.696872668416763,0.7642398863845176
denseresidential_denseresidential15.png,22.35331091794571,0.7263251210626782,23.8091886053557,0.7604298860990709
denseresidential_denseresidential16.png,23.165504538273844,0.7228130272474891,24.344245501377152,0.7528095480750936
denseresidential_denseresidential17.png,23.41353573099949,0.7393677233485955,24.69437224324529,0.7755560686750607
denseresidential_denseresidential18.png,23.07938811101078,0.6914062685105998,24.33368842144685,0.7239127220715073
denseresidential_denseresidential19.png,24.249964063321833,0.6889540860292706,25.62132673092089,0.7490943486627002
denseresidential_denseresidential20.png,22.86956218745766,0.7286217216173679,24.08512439457944,0.7493995157636338
denseresidential_denseresidential21.png,22.903181835272093,0.7314591041594553,24.038987141460744,0.7431839072467183
denseresidential_denseresidential22.png,22.345154159645304,0.7114451872174591,23.593555682115976,0.7299655684167702
denseresidential_denseresidential23.png,23.24555176975235,0.7304191310388873,24.685678710412336,0.7501794233310404
denseresidential_denseresidential24.png,24.06965613246124,0.7400090803461282,25.261707551243113,0.7605207386565973
denseresidential_denseresidential25.png,22.23399196973522,0.7195285140913456,23.60531183206213,0.7421495658362185
denseresidential_denseresidential26.png,24.27113208027283,0.6992966591180542,25.73625277456976,0.7527973558336969
denseresidential_denseresidential27.png,23.3920622372592,0.6992649370036395,24.866174162214072,0.7494746510532047
denseresidential_denseresidential28.png,23.53795526058807,0.6955590780840671,25.085054426681694,0.7476637027254257
denseresidential_denseresidential29.png,23.267347667810533,0.6756998947964791,24.716043394153257,0.7277601405375725
denseresidential_denseresidential30.png,23.951120129667018,0.7259251038377074,25.343433727281457,0.75772364072893
denseresidential_denseresidential31.png,24.14696220974534,0.743544199704425,25.54076103269106,0.7731091678158433
denseresidential_denseresidential32.png,23.72495537165947,0.7755491578484977,24.894974644821474,0.7991807506692963
denseresidential_denseresidential33.png,23.43701571219254,0.6974382947544194,24.740583323495414,0.7193178912627363
denseresidential_denseresidential34.png,23.65212870525547,0.6784603559996288,25.093375948490785,0.7029893551290741
denseresidential_denseresidential35.png,23.096052340189864,0.7026865739115372,24.624931887366863,0.722144909537943
denseresidential_denseresidential36.png,22.60771235982783,0.6943606062111917,24.07283520175316,0.7140404519196528
denseresidential_denseresidential37.png,23.681632127314316,0.6825024566514264,25.19486805155247,0.7022480819017705
denseresidential_denseresidential38.png,23.344174680271436,0.6708799851958491,24.94817659549637,0.6934668820466784
denseresidential_denseresidential39.png,22.791365939229507,0.6742463645376736,24.000550903748493,0.6951266290426095
denseresidential_denseresidential40.png,23.936237070270174,0.736340475700037,25.370602768562527,0.7620083283003765
denseresidential_denseresidential41.png,25.13293398748633,0.7787136692879466,26.590542062663644,0.7982054808542258
denseresidential_denseresidential42.png,24.453040259630203,0.7541742446302334,25.776991164861435,0.7741861479705151
denseresidential_denseresidential43.png,25.025518156312696,0.7607570043968921,26.55447603535149,0.7812606367599343
denseresidential_denseresidential44.png,23.00349215878501,0.7076056325512005,24.451781587551142,0.7223186716786503
denseresidential_denseresidential45.png,23.637315431478385,0.7248717050048135,24.96383111725814,0.7397238693072689
denseresidential_denseresidential46.png,22.944563228358085,0.7396850545075738,24.263904793281203,0.7555878015261129
denseresidential_denseresidential47.png,22.940352759266524,0.7431471533019919,24.285159534807008,0.7610794336667789
denseresidential_denseresidential48.png,22.54930155635654,0.6667455802384761,23.890211812805543,0.6846194420539174
denseresidential_denseresidential49.png,22.1413296453205,0.6581198677728805,23.493635989062994,0.6786598084306622
denseresidential_denseresidential50.png,30.635268358722037,0.864805343845144,32.072080178073584,0.8833416112713917
denseresidential_denseresidential51.png,24.46718441069145,0.7174142260395171,25.52848650262222,0.7339488675651357
denseresidential_denseresidential52.png,23.778740377293307,0.7287334179297952,24.771430172398603,0.7439497715684087
denseresidential_denseresidential53.png,22.500794593338508,0.6716029430718602,23.552185903633717,0.6845962466327642
denseresidential_denseresidential54.png,22.38807838326165,0.6765431167500041,23.293307900614643,0.6892403885117021
denseresidential_denseresidential55.png,22.986047930465496,0.6970651832157914,24.041097584503206,0.7032100856831366
denseresidential_denseresidential56.png,25.049442686952208,0.7638686652627816,26.288481071311793,0.7811099445920415
denseresidential_denseresidential57.png,24.23665927881959,0.765393296908135,25.3816589068359,0.7787214045139187
denseresidential_denseresidential58.png,23.16435498598169,0.7451077328365875,24.333113484131033,0.7496871041352771
denseresidential_denseresidential59.png,23.596835873432994,0.7515743717538026,24.67700286397209,0.7582648553658896
denseresidential_denseresidential60.png,24.675497394303108,0.7598883132827563,25.647180229893788,0.7707594222774651
denseresidential_denseresidential61.png,25.07616765730884,0.7667256457671173,26.1998111129289,0.7880874952153506
denseresidential_denseresidential62.png,25.777364378361412,0.7786775320727073,26.669867753178885,0.7912125706854275
denseresidential_denseresidential63.png,25.68055061897647,0.7769739975315573,26.63890545833208,0.7850960918543154
denseresidential_denseresidential64.png,24.666249914219392,0.7714150132282128,25.52013277631694,0.780382017719803
denseresidential_denseresidential65.png,24.521799444093695,0.7188808881946108,25.76525635040252,0.7415677571589836
denseresidential_denseresidential66.png,24.92619853698679,0.7313751687513421,25.96881879373081,0.7477204328644156
denseresidential_denseresidential67.png,25.459874329562616,0.7558508336961635,26.71981292812641,0.7797632250207276
denseresidential_denseresidential68.png,23.218256283328024,0.7152680028373811,24.11558619053173,0.7214380967403374
denseresidential_denseresidential69.png,25.723575426806807,0.7279389423380992,26.64830068413741,0.7542563280766634
denseresidential_denseresidential70.png,25.083494784134377,0.7371083888545993,26.136723483830245,0.76071852372536
denseresidential_denseresidential71.png,24.611298724571903,0.7386307205570656,25.906959371695805,0.7637692308885589
denseresidential_denseresidential72.png,24.24661123921262,0.7091507864056544,25.392194480747744,0.7255941673263568
denseresidential_denseresidential73.png,23.429983224084033,0.7018836392846346,24.69308929327721,0.721809286943342
denseresidential_denseresidential74.png,24.00470434734759,0.7625644595390398,25.103707122213123,0.7780080520998147
denseresidential_denseresidential75.png,23.691343028974106,0.7116461173934802,24.71362096118539,0.7216873490014383
denseresidential_denseresidential76.png,23.816764531984653,0.7340020625015864,24.917571196949687,0.7407459396863787
denseresidential_denseresidential77.png,23.630311759301815,0.729201174535263,24.585747992575012,0.7389009044124177
denseresidential_denseresidential78.png,22.772337273152367,0.6977614609236297,23.774798728332705,0.7054017799334233
denseresidential_denseresidential79.png,21.774191837734584,0.7024816299739984,22.69910647825927,0.7050479411876931
denseresidential_denseresidential80.png,28.539300646675375,0.8381879630700134,29.899346565785507,0.8463660659838894
denseresidential_denseresidential81.png,28.300368943031092,0.8338093119757831,29.61672757226235,0.8428975311303996
denseresidential_denseresidential82.png,20.385974809157346,0.480918408163973,21.721000277788846,0.5122069673540733
denseresidential_denseresidential83.png,20.856319387103227,0.48783031299342633,22.21702619303295,0.5161345406247217
denseresidential_denseresidential84.png,27.219612428310754,0.842756861834015,29.127141204185904,0.861722138304748
denseresidential_denseresidential85.png,26.525389211369948,0.8324873376186872,28.151905760465787,0.8504055407561661
denseresidential_denseresidential86.png,26.650132701195318,0.8380436544281921,28.47124932134239,0.8558921826164138
denseresidential_denseresidential87.png,24.76717708898631,0.7987805694567026,26.460739760619305,0.8177617939574421
denseresidential_denseresidential88.png,24.455435817667812,0.6996386226987507,25.811495733429446,0.7204939456533619
denseresidential_denseresidential89.png,24.13121648167893,0.681614661608202,25.51011286246613,0.7025626755084616
denseresidential_denseresidential90.png,25.6427882249633,0.7298877837579486,27.040389428459058,0.7539594362761688
denseresidential_denseresidential91.png,25.414753521028125,0.7204945841623497,26.872571167525994,0.7465457285035659
denseresidential_denseresidential92.png,24.053492060860684,0.6786881829826633,25.429175098556755,0.7060423974500215
denseresidential_denseresidential93.png,24.11142268230741,0.6749780893404873,25.55134282529302,0.7020968309417128
denseresidential_denseresidential94.png,22.749035655163002,0.7163725628052418,24.158875936623826,0.7389417653219802
denseresidential_denseresidential95.png,23.108097006290485,0.7161654980202528,24.60001363560371,0.7415075557329073
denseresidential_denseresidential96.png,22.324840206031595,0.6664654750976002,23.68843633089922,0.6918053124676663
denseresidential_denseresidential97.png,22.57323447820675,0.6591830222424808,23.992265203883804,0.6837886011788413
denseresidential_denseresidential98.png,26.217285636935763,0.7840306394867032,27.27008168363328,0.7942947046245918
denseresidential_denseresidential99.png,23.050029249378596,0.671876256589074,24.3599280263142,0.6959598239012844
forest_forest00.png,33.01754144906952,0.8447636635292394,34.67049014537572,0.8817988149230573
forest_forest01.png,30.528289425998004,0.8434550008430911,31.945499856376177,0.8704332708751913
forest_forest02.png,32.40819846966998,0.8348185223306421,34.09946498898813,0.8720697075770609
forest_forest03.png,30.031709532445735,0.8117545550535409,31.81910086511141,0.8449763101163925
forest_forest04.png,30.147956328048835,0.8270682583534259,31.655260781591142,0.8542545428031859
forest_forest05.png,31.820489708994675,0.8510154310783697,33.48730306220715,0.8760916354395335
forest_forest06.png,27.421849020384403,0.5792812063181272,28.769579906264255,0.6227524524391261
forest_forest07.png,29.251558810207975,0.6355110283383508,30.6920629214512,0.6796786080031599
forest_forest08.png,25.893728123576622,0.6099805871643078,27.385449271983255,0.6445213286492917
forest_forest09.png,25.63732928998774,0.5915604152218582,27.03197568511152,0.6257934539896008
forest_forest10.png,31.027447577769898,0.7002376750215015,32.50739134449304,0.7423852873339893
forest_forest11.png,29.17917000904568,0.6566147493794091,30.567301847185313,0.6971177400128303
forest_forest12.png,29.059840900462763,0.6367191827091552,30.45219667303615,0.6765433567625488
forest_forest13.png,28.68631602229187,0.6108522660881621,30.10938826229154,0.6542661626706279
forest_forest14.png,29.378480122731684,0.6521719931192435,30.78673329386962,0.6929134186244774
forest_forest15.png,24.97817151507704,0.536769668671792,26.438512902834525,0.5807978549026943
forest_forest16.png,21.998409265537227,0.5060412443412737,23.627138815613215,0.5502581790508224
forest_forest17.png,23.118329269284107,0.5348352013646931,24.546452283753965,0.5795971806334318
forest_forest18.png,21.305226345997784,0.5206605173372357,22.691398208704694,0.5533936999167792
forest_forest19.png,21.56323941497491,0.48407988951916575,22.879540305133325,0.5164698097524605
forest_forest20.png,20.087961581258686,0.47532061432918377,21.53163975382617,0.5151257601227591
forest_forest21.png,23.663085601117366,0.5147554320563471,25.095079724912853,0.5617237469998743
forest_forest22.png,20.158675078567214,0.4352774812474805,21.5688198809683,0.47954335893001215
forest_forest23.png,21.456720070223476,0.4764182275249828,22.941586440204812,0.526718923202818
forest_forest24.png,25.300065280122492,0.5933894716212147,26.737662339356095,0.6402356913024065
forest_forest25.png,23.770615288489125,0.49722622233485475,25.097581679779136,0.5228726428657607
forest_forest26.png,22.671053191585045,0.49114498238031956,23.995420251429586,0.5119232258173158
forest_forest27.png,24.885356657628893,0.5632701171939107,26.237405091282948,0.5895382228983223
forest_forest28.png,23.656219550213464,0.5668491521552964,24.93326099758857,0.5921683861267073
forest_forest29.png,27.098350246490277,0.6603419424105791,28.477716604348352,0.6851089918193439
forest_forest30.png,29.265308016591707,0.6881103588203329,30.266613364476697,0.711795225729243
forest_forest31.png,27.34055756625567,0.6397288478293043,28.418246099691494,0.6642573618976976
forest_forest32.png,27.705149699983927,0.6867885432798612,28.791535892721246,0.7087999290124936
forest_forest33.png,25.335212109568445,0.6001767335104461,26.457714804753163,0.6243522084906933
forest_forest34.png,27.62395658226396,0.7233847126378383,28.339454652965607,0.7204007932237603
forest_forest35.png,27.47264781404061,0.7115118370950134,28.283740289501473,0.7093635101732157
forest_forest36.png,27.624224503831304,0.7250751437954155,28.39581875264171,0.723107119491829
forest_forest37.png,27.761133213766264,0.7298947775745789,28.557781143541256,0.7311805491102447
forest_forest38.png,27.47230783970517,0.7381739959504698,28.29766273658396,0.7365458385927677
forest_forest39.png,28.746418853092873,0.7528869647441997,29.534147149185554,0.7561494029292352
forest_forest40.png,26.811096363258518,0.7093182604969224,27.758420954667148,0.7206289683908985
forest_forest41.png,36.591934214361864,0.8616316832852351,38.3084693652789,0.8925892182918456
forest_forest42.png,26.08910031196303,0.5357842632445652,27.31931902336538,0.5804984325678842
forest_forest43.png,24.828572791308602,0.5332998301797852,26.17871369838566,0.5687495173768955
forest_forest44.png,30.94675673282847,0.7998315255703176,32.552185596057704,0.8282506919159899
forest_forest45.png,28.93897263580881,0.7527253357512631,30.475408412700766,0.7786991746528804
forest_forest46.png,28.791904867180488,0.7369489823747856,30.350811891347504,0.7662651131437596
forest_forest47.png,28.787337619886003,0.7344012066617847,30.314514066387805,0.761539700972293
forest_forest48.png,27.349861108102647,0.7319724660405752,28.9053174826638,0.7567102796183185
forest_forest49.png,27.146083499606352,0.7230203279437183,28.784649222839516,0.7483896624066857
forest_forest50.png,27.48997271777917,0.7166698000945648,29.067044428921246,0.7397061373845819
forest_forest51.png,27.80214064836031,0.7298695435459033,29.3452591303108,0.7570963253709355
forest_forest52.png,27.604065170078172,0.7309151619208825,29.238408017161465,0.7581141796518056
forest_forest53.png,28.610737388459935,0.7626700510238797,30.14153483175111,0.7854387688043185
forest_forest54.png,28.25804439395485,0.7279141123218514,29.779104683464496,0.7481213898269674
forest_forest55.png,26.836197702065864,0.7189703080079283,28.33160844978594,0.7381034677999231
forest_forest56.png,26.99183568630186,0.7370941108737593,28.429341488203313,0.7529941734896396
forest_forest57.png,26.310049837074416,0.7277872914462983,27.768635362937154,0.7432731311847853
forest_forest58.png,26.838337011369163,0.7546283223022203,28.296330393451314,0.7733112008368453
forest_forest59.png,32.30281190139339,0.8208897818126931,33.91533302097853,0.8463148294514871
forest_forest60.png,24.627145255882912,0.8160091358135887,26.11984887302187,0.8285002755028114
forest_forest61.png,27.348123464615433,0.8247961708148358,29.00382670177286,0.8405314613577913
forest_forest62.png,27.48407167968047,0.8344875737778977,29.14002242914297,0.8530627367544977
forest_forest63.png,28.72325837137675,0.6886331784175077,29.788414678800734,0.7145289654484951
forest_forest64.png,27.87859089417571,0.6646448679578966,28.889518248078186,0.6890482231232803
forest_forest65.png,22.6702351447561,0.5445522649805334,23.661203163260094,0.5607441303837188
forest_forest66.png,24.31583976754657,0.6033764718859047,25.387528496389983,0.6233580590194566
forest_forest67.png,27.467129322459364,0.6814449492596507,28.26128274860933,0.6757315899564575
forest_forest68.png,29.435193957090853,0.7475307697207515,30.271066941497175,0.750012982821104
forest_forest69.png,25.967966825393578,0.6260566794818948,27.322954706719102,0.6568734449949436
forest_forest70.png,26.105626412879136,0.6305168704698019,27.432766299437333,0.6597015619561652
forest_forest71.png,25.55960420134587,0.6327583658913886,26.861649398612343,0.6606948395528012
forest_forest72.png,25.354941340941867,0.6142553034322437,26.702460915437353,0.6453047634817781
forest_forest73.png,25.068492939300064,0.5691127483114133,26.343897453460237,0.597595636371276
forest_forest74.png,25.868747166068026,0.575271678965067,27.28284165027408,0.6200062163048438
forest_forest75.png,25.08129956178912,0.5975733429238205,26.42153156667127,0.6287908283686856
forest_forest76.png,24.71670401962602,0.5955422289793448,26.032964486635287,0.6252075640321725
forest_forest77.png,25.08154715441249,0.5922144127517077,26.398947559283226,0.6227193258032273
forest_forest78.png,23.033561045724916,0.5220630265846281,24.346779986574006,0.5483422517326034
forest_forest79.png,24.797499553194882,0.6010706963175573,26.08407217720496,0.6289156669450215
forest_forest80.png,27.393340688467465,0.6667858996203994,28.726689812764853,0.6989215909258027
forest_forest81.png,26.741842420648453,0.6673885521368086,28.092808534544844,0.700385116181298
forest_forest82.png,25.592555359245324,0.6139803122771523,26.911977943927905,0.6426266522598
forest_forest83.png,24.816805404664212,0.5802039735334661,26.183588334384467,0.6106364081815286
forest_forest84.png,24.75034781829585,0.5687724279239279,26.08893963505272,0.6005110710929163
forest_forest85.png,25.33654461907701,0.5995278789718025,26.64590770823441,0.6278453249621353
forest_forest86.png,25.92132120125931,0.6314116211462227,27.2987746938605,0.6622685527400706
forest_forest87.png,24.448910112036305,0.584453296749058,25.785221109298003,0.6139873231266527
forest_forest88.png,24.47792054461431,0.5931352109324087,25.874201764577684,0.6238193852574436
forest_forest89.png,24.602031630471487,0.575951056258226,25.96195451535793,0.6102611554502261
forest_forest90.png,25.304370648451496,0.5916672283937774,26.58974423251534,0.6222428956969392
forest_forest91.png,26.698080019667664,0.6407836520546121,28.079158829769902,0.673670396350513
forest_forest92.png,26.30245467998916,0.6282331204176134,27.636279304855318,0.6568058744051031
forest_forest93.png,24.484578171496505,0.5438833922979031,25.83285511809983,0.5750020206297094
forest_forest94.png,25.151584438261693,0.5955940613935428,26.443849586329424,0.6243485932276962
forest_forest95.png,26.584640594225153,0.6456039352885471,27.95049003773961,0.6778601690066115
forest_forest96.png,28.044281089837927,0.6774980546857049,29.416991461222434,0.710401270767352
forest_forest97.png,29.44801288857708,0.7048634326416511,30.86700682647265,0.7395833117537832
forest_forest98.png,27.312377683175146,0.6307659910238345,28.640743697641334,0.6667023506801525
forest_forest99.png,26.232581568057686,0.6314021418601672,27.60036537585162,0.6623625382446988
freeway_freeway00.png,27.05385093472689,0.8407166952470656,28.599338823532676,0.8551044768478598
freeway_freeway01.png,29.342444841217308,0.8638178541836653,30.977440015304442,0.8810146525930378
freeway_freeway02.png,28.790455712604807,0.8538499539342056,30.408990428264385,0.8724805018318781
freeway_freeway03.png,28.101519735104894,0.8441260892189798,29.5987816290479,0.8626718973007507
freeway_freeway04.png,28.63280579016915,0.8603904284012621,30.2826572302426,0.8779735254705112
freeway_freeway05.png,27.44385364178008,0.8560500711070694,28.968948223503123,0.8736826158175018
freeway_freeway06.png,27.48665048095457,0.8488176595906639,28.96986642100225,0.8656412736512842
freeway_freeway07.png,26.917945813218687,0.8518412574740708,28.604234801428134,0.870856294356377
freeway_freeway08.png,31.241634688271382,0.9117728584126724,32.85717234669378,0.9227233414744885
freeway_freeway09.png,31.234822771508437,0.9014524364521739,32.93833099491107,0.915479330552747
freeway_freeway10.png,29.773179807081917,0.8748813424999686,31.42137573736961,0.8889589410397774
freeway_freeway11.png,29.848176382213442,0.8968759101513069,31.707024821529256,0.9127812251180611
freeway_freeway12.png,31.730595366136797,0.8976370564580867,33.423079135151866,0.9148945903844931
freeway_freeway13.png,28.38422462588136,0.8266190753727239,29.666225404462093,0.8441802818449123
freeway_freeway14.png,28.263250231368904,0.8329517843553157,29.589344362638528,0.8553686008726964
freeway_freeway15.png,30.551867801834305,0.9007580916744035,32.30385790177439,0.9156213863684071
freeway_freeway16.png,28.40602797042559,0.8489739686374888,29.865799845389255,0.8665356668974281
freeway_freeway17.png,28.796017080365424,0.8412489239455119,30.30609647668367,0.8603162104794067
freeway_freeway18.png,30.024173753169308,0.8713439601773235,31.51707048156611,0.8872675921431676
freeway_freeway19.png,27.52620209431134,0.7206660456151259,28.902220335405616,0.7589080613700022
freeway_freeway20.png,26.491480570500052,0.6798416549571763,27.959263861828816,0.7182631002391217
freeway_freeway21.png,28.136461505959684,0.7217167515681456,29.49258181012173,0.7600425403655384
freeway_freeway22.png,28.797171412876143,0.756660168718776,30.08223514168347,0.7870952742621438
freeway_freeway23.png,27.334760703917055,0.7331703657271543,28.719173308687573,0.7664595525485232
freeway_freeway24.png,24.922408638663942,0.6624272912179267,26.410733551833218,0.7047820601594446
freeway_freeway25.png,25.523694230304788,0.6876737905699873,27.010850041967064,0.7215814553030007
freeway_freeway26.png,25.796148663509282,0.6662632980846522,27.04306277978752,0.6992305766783166
freeway_freeway27.png,25.612937525011038,0.6485329986369117,26.960665263914088,0.6876061996010896
freeway_freeway28.png,25.09465005903919,0.620100153161451,26.483923223087025,0.6590193256017833
freeway_freeway29.png,24.934559295725805,0.584334339709335,26.186623151899994,0.6246212982886187
freeway_freeway30.png,23.93329638264641,0.5980583424151026,25.20164780777189,0.6270860730289396
freeway_freeway31.png,23.976957254177734,0.5693745372967188,25.403750838347726,0.6045970775725947
freeway_freeway32.png,25.266882931178863,0.5585025807625627,26.68614489728774,0.6040309365933653
freeway_freeway33.png,27.109046294265116,0.7342104236754782,28.583992561588904,0.7701557196300617
freeway_freeway34.png,26.711310333490708,0.7118554530565557,28.195906546296328,0.748384061866108
freeway_freeway35.png,25.024315643761412,0.7090783249476479,26.626384721417914,0.7430076283657115
freeway_freeway36.png,25.61241093351918,0.6705323799439745,27.084770655162597,0.7107209698921063
freeway_freeway37.png,24.86457360271405,0.7379614979834087,26.2877617857485,0.7688242465816489
freeway_freeway38.png,25.807055089670175,0.6980070027059893,27.29959973527523,0.7311847112541371
freeway_freeway39.png,25.911716295288496,0.7179401485031821,27.43237488338154,0.7511207429662063
freeway_freeway40.png,25.48051407705482,0.6631012696523385,26.796021522476345,0.6999352894663224
freeway_freeway41.png,25.018489741011614,0.6445495582896127,26.33866809602079,0.6783683607216388
freeway_freeway42.png,24.363775127095842,0.6163933151076249,25.9962959364133,0.6715001764406571
freeway_freeway43.png,27.128322711775702,0.6827265981180645,28.826981051629012,0.7428539447233509
freeway_freeway44.png,25.807871055369414,0.615213786847389,27.298236023480445,0.6668395410978063
freeway_freeway45.png,25.705489209165687,0.6538715953871485,27.26401676028988,0.7103156786004006
freeway_freeway46.png,26.2265541285818,0.675348101360413,27.776328560567514,0.726184453960231
freeway_freeway47.png,26.533172712476635,0.7324452294228728,28.32757317839045,0.7918477840956837
freeway_freeway48.png,25.000502434609505,0.6886460493597895,26.728402779540083,0.765819466653064
freeway_freeway49.png,25.2940393623524,0.7109579718439369,27.023752228522063,0.7710290873916729
freeway_freeway50.png,25.795093905932415,0.749778755783938,27.633491255106218,0.8177694821164205
freeway_freeway51.png,27.007133930887235,0.6752920852997297,29.206627813259853,0.7612855721045017
freeway_freeway52.png,24.552676134949284,0.6998875782561318,26.167175223419598,0.7640931374914466
freeway_freeway53.png,23.89699737737088,0.7303187605917597,25.298289682512053,0.7763167971066018
freeway_freeway54.png,25.610474585898586,0.7750634550987624,26.93225612930629,0.8206403665899167
freeway_freeway55.png,26.228482187380273,0.7778778472165652,27.65166525768294,0.8275431453570332
freeway_freeway56.png,26.07458609501981,0.6594976756729212,27.526309629912976,0.684542214111252
freeway_freeway57.png,26.417754309196727,0.6886056083212804,28.06651261256284,0.7194435950309974
freeway_freeway58.png,24.955698664966523,0.6666735979050019,26.350429661048956,0.6918995312217366
freeway_freeway59.png,26.30645935858784,0.6541588593213286,27.826286803488827,0.6891443665149203
freeway_freeway60.png,25.052866756416936,0.722665707365163,26.558419613008255,0.743595071508177
freeway_freeway61.png,24.91489152429694,0.6666383102588669,26.388553903278943,0.6896414797886508
freeway_freeway62.png,25.68349481070082,0.6689000963409829,27.208725690492077,0.6980145172410246
freeway_freeway63.png,25.037788753551766,0.6644637173276656,26.547343453109974,0.6881695023302761
freeway_freeway64.png,26.265648355352763,0.7720710969318753,27.592498907142343,0.7882605038605579
freeway_freeway65.png,25.07629043103188,0.7342534178787017,26.246707424362896,0.7524412810183682
freeway_freeway66.png,26.99463203963734,0.7628274757984624,28.28053194637132,0.782065298560634
freeway_freeway67.png,27.404475715458613,0.7856189474888611,28.80637811951294,0.8020471687895292
freeway_freeway68.png,29.025460378051406,0.8296294380689074,30.60581227462577,0.8490088865991601
freeway_freeway69.png,29.188639427688567,0.8447222617630334,30.692602928884007,0.8614819154009361
freeway_freeway70.png,30.760943311350907,0.8586351350472338,32.36642711275436,0.8761266418688809
freeway_freeway71.png,26.696878220776107,0.8431383059896018,27.762734263675366,0.8564602700830527
freeway_freeway72.png,27.081890322588173,0.8421465784431593,28.292815879112325,0.8588316071227148
freeway_freeway73.png,26.234133910712963,0.8214779454710047,27.352250604720695,0.8343348919434905
freeway_freeway74.png,28.767702052317325,0.8596313253496798,29.839089410635236,0.8777794591022636
freeway_freeway75.png,26.9235828887766,0.825744060639369,28.019289670831387,0.8455524279881474
freeway_freeway76.png,23.952682870616965,0.7807763173871654,24.9038801905178,0.7853760412733306
freeway_freeway77.png,28.715363564953577,0.8411862844450476,29.734822992230395,0.8527309592697437
freeway_freeway78.png,30.024835486252076,0.8651751440703234,31.173838252905206,0.8846266142970465
freeway_freeway79.png,29.923258099979826,0.8825254459490169,31.23158602948869,0.8932178490434741
freeway_freeway80.png,29.451297115907312,0.8809375850781204,30.708969971468104,0.8921394588226995
freeway_freeway81.png,28.305845187249176,0.8307936241421691,29.36751902017715,0.8415515370294882
freeway_freeway82.png,23.957106454721373,0.608547226973264,25.262714322396885,0.6452536327708731
freeway_freeway83.png,26.94223955689977,0.595926961840462,28.281566283082356,0.6340033503063585
freeway_freeway84.png,28.321682522851845,0.6078777535224194,29.740650046512776,0.6505452609711132
freeway_freeway85.png,26.318610714429074,0.7440512335992131,27.831511645834553,0.766221930026897
freeway_freeway86.png,18.10339040348158,0.4085204352762188,19.43683391861333,0.4382273176082287
freeway_freeway87.png,19.541128512611145,0.3985364465092999,20.88266305425271,0.4306008960592218
freeway_freeway88.png,20.08186855687475,0.377931856982979,21.503917809073016,0.40725404221410927
freeway_freeway89.png,28.178996638792228,0.8038761306261716,29.97257007010554,0.8287560234571905
freeway_freeway90.png,29.222110656844347,0.7919896627233997,31.14099199916587,0.8235552655939626
freeway_freeway91.png,28.241546849883072,0.7857109120704932,29.999317657146154,0.8106637065047999
freeway_freeway92.png,29.8714253379547,0.8210941654676757,31.88037023151013,0.8484664975899525
freeway_freeway93.png,24.943399522384603,0.6199546645819676,26.459308950980883,0.6477651119707193
freeway_freeway94.png,23.884051593276304,0.581756599785645,25.351344987972343,0.6111980599384541
freeway_freeway95.png,24.84452805161098,0.5964330835871529,26.357159452972695,0.6267836261820317
freeway_freeway96.png,28.601957925564324,0.7712304981768702,29.97899108255162,0.7974804555970981
freeway_freeway97.png,27.262430108273186,0.7564920873370253,28.67707841635727,0.7787288725009156
freeway_freeway98.png,22.27286278847734,0.623007555099581,23.50008221541344,0.6451431867464826
freeway_freeway99.png,27.764899692912245,0.7621439269139604,28.97904621237585,0.7839527934155472
golfcourse_golfcourse00.png,31.06959974776691,0.7989653961593581,32.68045197316369,0.8280353635813152
golfcourse_golfcourse01.png,31.65228951048167,0.7991435617869241,33.21581108539358,0.8288235176539966
golfcourse_golfcourse02.png,25.408035640011455,0.6691245893071761,27.025064154827916,0.7148245189156788
golfcourse_golfcourse03.png,23.53903535670675,0.6644685782510275,24.960448367732056,0.6971010547716402
golfcourse_golfcourse04.png,26.620518934087464,0.736276980542922,28.07025665345057,0.7726777036836777
golfcourse_golfcourse05.png,24.635899579902425,0.676212509353925,25.999535881173177,0.7125267542302051
golfcourse_golfcourse06.png,24.30347974192213,0.6860874212199762,25.728139383155302,0.7238024729777562
golfcourse_golfcourse07.png,26.682485837954072,0.7661035229197029,28.07642859009149,0.8030201211041208
golfcourse_golfcourse08.png,28.789520126825934,0.7223330328849177,30.294922362303257,0.7641148552976179
golfcourse_golfcourse09.png,29.728857456210598,0.7867897983166577,31.53099239329312,0.8336196429300007
golfcourse_golfcourse10.png,27.017142960200932,0.7447925725031089,28.43184958139322,0.7840202114531318
golfcourse_golfcourse11.png,27.518666275246293,0.7528914373553134,28.937608072034756,0.7897577726390089
golfcourse_golfcourse12.png,25.82397848870722,0.6583750664123693,27.177429334156624,0.699062104082074
golfcourse_golfcourse13.png,28.342313321723292,0.7544773453072852,29.915753741974825,0.7946833393868782
golfcourse_golfcourse14.png,29.503701407716786,0.7725791422047678,31.19682241393491,0.8139610573020026
golfcourse_golfcourse15.png,27.43656918889053,0.689405784549365,28.920960947565952,0.736077767719256
golfcourse_golfcourse16.png,28.72063343982402,0.753475577937535,30.0868136976217,0.7896025765849128
golfcourse_golfcourse17.png,30.222342532309394,0.7991884901323845,31.9103921257529,0.8396049897888574
golfcourse_golfcourse18.png,28.588059948316555,0.7487048225254403,30.16980653321808,0.7955646825531322
golfcourse_golfcourse19.png,27.311083114783607,0.6787587398426531,28.971047001150353,0.7484003162957593
golfcourse_golfcourse20.png,25.677996807287062,0.6942559284728725,27.144400109554287,0.7514494448232508
golfcourse_golfcourse21.png,27.632271618659242,0.6866962919468409,29.095460079890508,0.7568515691833833
golfcourse_golfcourse22.png,27.165471967454554,0.691008796224608,28.663734866068022,0.764249212291068
golfcourse_golfcourse23.png,25.83358918312262,0.7075240523273201,27.160078003016366,0.7648762026206563
golfcourse_golfcourse24.png,27.887076684208335,0.7457500088727963,29.11422545474906,0.7995064509501639
golfcourse_golfcourse25.png,25.927314458308473,0.7388882918872368,27.092244899504912,0.7878989956334067
golfcourse_golfcourse26.png,26.956331447648836,0.6460692905064036,28.453316422667633,0.6797618125286452
golfcourse_golfcourse27.png,28.51180517580158,0.639448249501215,29.981854764827673,0.6839442889177906
golfcourse_golfcourse28.png,29.234776633418864,0.6708867454708306,30.6938602346236,0.7138657379840044
golfcourse_golfcourse29.png,28.28418655139005,0.636850940711487,29.645526367288902,0.673544776330809
golfcourse_golfcourse30.png,29.38675529492989,0.6632059860918941,30.88415231739657,0.7063126193857926
golfcourse_golfcourse31.png,29.677762129309997,0.6328938789531703,31.1791376409948,0.6800120580664059
golfcourse_golfcourse32.png,27.93829969608148,0.6474302400240827,29.49551709540882,0.6868067464804514
golfcourse_golfcourse33.png,28.0401331515709,0.6307378386368004,29.562124874609253,0.6741838144901253
golfcourse_golfcourse34.png,27.788014646954853,0.6530489207590805,29.196975459362466,0.6882292244351387
golfcourse_golfcourse35.png,28.701352160229767,0.6501122098377712,30.15159758095615,0.6898484354600808
golfcourse_golfcourse36.png,29.072679343756633,0.627899635139223,30.544663482452417,0.6749181336413594
golfcourse_golfcourse37.png,28.064867848960454,0.6483029953595296,29.395479546148337,0.6841250445789703
golfcourse_golfcourse38.png,28.307924690891213,0.6085898890337799,29.6806403717094,0.6502397531964303
golfcourse_golfcourse39.png,29.18808343895224,0.6421328829273648,30.68450096001513,0.6865801918844849
golfcourse_golfcourse40.png,28.741709486459868,0.5734503983138483,30.181277677028348,0.6242875490964482
golfcourse_golfcourse41.png,28.978524540870776,0.6473669780624597,30.4800681107287,0.6856068813721351
golfcourse_golfcourse42.png,29.38575929443494,0.7642818608824123,30.589793881573275,0.7864279324272639
golfcourse_golfcourse43.png,31.874325951865213,0.8318036080992983,33.09674697055047,0.8511291862548881
golfcourse_golfcourse44.png,33.31370292898645,0.8783114527506658,35.11261987682366,0.9018945078255356
golfcourse_golfcourse45.png,33.28505396991092,0.8534399020711211,34.71790559516114,0.8765550312263378
golfcourse_golfcourse46.png,31.30055852527128,0.8054362417020199,32.439149886944605,0.8269868960505604
golfcourse_golfcourse47.png,33.36685569761127,0.8656559827616602,34.72510709528942,0.8871726062283377
golfcourse_golfcourse48.png,32.20927603009761,0.846661520017339,33.576318748523455,0.8711531315300042
golfcourse_golfcourse49.png,32.45992531972964,0.8243390075213849,33.73434004522182,0.8432310015419027
golfcourse_golfcourse50.png,30.89988718668165,0.7920613266793675,32.22899851239238,0.8107477004202747
golfcourse_golfcourse51.png,32.733381851926616,0.8517589956892789,34.019243167013556,0.8743120407281098
golfcourse_golfcourse52.png,29.258499568438605,0.7424758032086753,30.405921505471973,0.75966902530149
golfcourse_golfcourse53.png,35.88444721963574,0.8835377456562122,37.50590213032239,0.9037329558943289
golfcourse_golfcourse54.png,35.46101031608232,0.8925083541968349,36.90789879678738,0.9105680420439081
golfcourse_golfcourse55.png,35.2601425997055,0.8966548696989459,36.71273542616323,0.9121037794586525
golfcourse_golfcourse56.png,34.1971842805716,0.8619049170399347,35.55928538286042,0.8826458538460649
golfcourse_golfcourse57.png,34.92026527414621,0.894278817888854,37.87513707745254,0.9304543366109896
golfcourse_golfcourse58.png,36.008331870372785,0.899596137160601,39.13465127554928,0.9353345754316817
golfcourse_golfcourse59.png,34.51509675855201,0.8623601645437043,36.57048731406925,0.899552437141698
golfcourse_golfcourse60.png,35.66111461344469,0.8871540391632581,38.41770142755053,0.9259572856518865
golfcourse_golfcourse61.png,37.03621452819314,0.9104628169234484,39.87282615742469,0.9429411895830239
golfcourse_golfcourse62.png,34.98265062792085,0.870269199716024,37.22800648654749,0.906291432598214
golfcourse_golfcourse63.png,34.995485564451506,0.870170716717097,37.243590161225306,0.9066522873864711
golfcourse_golfcourse64.png,37.04637967596371,0.8879985143014345,39.93273741079878,0.9307168334383269
golfcourse_golfcourse65.png,33.91226762140071,0.8619210173279304,35.93352470010636,0.8934888312962531
golfcourse_golfcourse66.png,36.369721669666916,0.8858108073861589,39.374639682356516,0.9271941932879921
golfcourse_golfcourse67.png,35.39014333148715,0.8808959484618599,38.26916755560438,0.9247011482958708
golfcourse_golfcourse68.png,34.09500083133036,0.8778904154741006,36.39091842988106,0.9069044249357204
golfcourse_golfcourse69.png,35.931295615794944,0.8936109521107922,38.684438130536606,0.933580191885395
golfcourse_golfcourse70.png,33.27976778482959,0.8629659374108676,35.1616139676716,0.8988906028072907
golfcourse_golfcourse71.png,33.37611067452622,0.8708830347943609,35.17363838605047,0.9036392036792724
golfcourse_golfcourse72.png,34.22534218584169,0.8691547769143902,35.95477889594679,0.9047075952203038
golfcourse_golfcourse73.png,34.24548297977123,0.8741038196317014,36.16376741609662,0.9104125282374412
golfcourse_golfcourse74.png,30.646763851787966,0.8239382554592796,32.02149116950983,0.8576734739770631
golfcourse_golfcourse75.png,32.4480258442203,0.8531427244861313,33.971873103961144,0.8905251227407631
golfcourse_golfcourse76.png,30.868595709942618,0.8139575496514883,32.204443060094746,0.8431565392024575
golfcourse_golfcourse77.png,30.71446223333609,0.8205208451840328,32.01958036419765,0.8548571701348618
golfcourse_golfcourse78.png,31.073640983459725,0.8250198034155282,32.7354682861199,0.8603023666206676
golfcourse_golfcourse79.png,29.29503797572749,0.7870353724236615,30.637716743562677,0.8143766901365732
golfcourse_golfcourse80.png,29.56085318435782,0.7837076347788203,30.934340735929272,0.8119821038137484
golfcourse_golfcourse81.png,29.83989548944072,0.7765486159266217,31.393728227619345,0.8114102453316808
golfcourse_golfcourse82.png,28.184311801145952,0.7875788315446585,29.513736588606733,0.8127065819961355
golfcourse_golfcourse83.png,29.227283903083254,0.7808127919776319,30.42219133807418,0.8054549109669034
golfcourse_golfcourse84.png,29.703361242039055,0.7820442142079059,30.977838518800397,0.8144616168833578
golfcourse_golfcourse85.png,28.189496895861094,0.7728872644631455,29.350703770514073,0.8002555257684665
golfcourse_golfcourse86.png,27.608861567537527,0.7527660209455355,28.744179862867366,0.7782439187640101
golfcourse_golfcourse87.png,35.81225585682192,0.8865362790249095,38.36039630901337,0.9409456087920937
golfcourse_golfcourse88.png,35.1478711644063,0.8880682525256933,37.37025524651513,0.9330305487998188
golfcourse_golfcourse89.png,35.6375744979559,0.8954248188643473,37.73118969789665,0.9396691615225148
golfcourse_golfcourse90.png,33.39631631210261,0.8566839515718616,35.542444279294756,0.9099127720623472
golfcourse_golfcourse91.png,35.24105177618027,0.8723192429954604,37.75476785004041,0.932906094937406
golfcourse_golfcourse92.png,33.12090619498682,0.8358933012262911,34.97963592179219,0.882937221163843
golfcourse_golfcourse93.png,34.717811710550095,0.8701353362618925,37.30504777536426,0.9280826409031515
golfcourse_golfcourse94.png,34.604847228452364,0.857449376804285,37.20012793146514,0.9225824361843312
golfcourse_golfcourse95.png,33.11532940430949,0.8474654568837282,34.96811567405668,0.8950076967396274
golfcourse_golfcourse96.png,37.87137039624954,0.9332246233140941,39.42076075380089,0.9471968863267877
golfcourse_golfcourse97.png,37.83311036989343,0.9336305361947662,39.42824633665834,0.948507127176942
golfcourse_golfcourse98.png,39.54941921572506,0.9422584041881494,41.41275267435111,0.9575145752926016
golfcourse_golfcourse99.png,38.607500849131746,0.9409912177974208,40.48276632904881,0.9556173185466136
harbor_harbor00.png,25.57790074194124,0.8291763792430126,26.987926109751594,0.8559780324215736
harbor_harbor01.png,27.39350080567362,0.8763079955083867,29.038150354334974,0.8954157844617879
harbor_harbor02.png,26.07067695114825,0.8396951045025123,27.658735780363926,0.8675977231169743
harbor_harbor03.png,26.811133203518178,0.8444627890725727,28.462339159447833,0.8726165668128295
harbor_harbor04.png,23.333187741837676,0.8077963452488489,24.837964685100044,0.8276332743261346
harbor_harbor05.png,23.440778616073384,0.772514994827136,24.904531181435704,0.7967425399856525
harbor_harbor06.png,23.291412420584106,0.7639806202769872,24.947986915919486,0.7929558300660737
harbor_harbor07.png,22.459134955873964,0.7800789983740831,23.899882893086144,0.8025598574174153
harbor_harbor08.png,22.249586538524607,0.7781553872877508,23.6454505211675,0.8001024241814387
harbor_harbor09.png,23.435241949342192,0.7633841038411093,24.913362447972496,0.7901594377281752
harbor_harbor10.png,25.82913560251186,0.8467495148636636,27.329549361436314,0.8850116532163608
harbor_harbor11.png,24.195509630819526,0.7841608034817598,25.665914913866565,0.8087554784963458
harbor_harbor12.png,22.214449718787918,0.7646797352622574,23.626097814150853,0.7867714934797667
harbor_harbor13.png,21.7925685355889,0.7496034910352621,23.284604759259683,0.7699257701870554
harbor_harbor14.png,21.902816851687454,0.7463068185065783,23.46695365957735,0.7674090590930197
harbor_harbor15.png,22.66503447682124,0.7656896769275967,24.16727026647564,0.7872938991864974
harbor_harbor16.png,23.001862871173444,0.7674643796160808,24.429539552232683,0.7886478776085953
harbor_harbor17.png,22.966114484168475,0.7721969464423669,24.237837640576693,0.7959090955746144
harbor_harbor18.png,23.843686513750125,0.805793185124433,25.540890938823793,0.825666714531617
harbor_harbor19.png,24.101474476835296,0.7738293256661128,25.440983970675962,0.802283180658005
harbor_harbor20.png,22.951966389826488,0.8269560863027455,24.44846763621205,0.8546112871290913
harbor_harbor21.png,23.344550352401715,0.8400779925887618,24.889389524707735,0.8651434022692386
harbor_harbor22.png,24.393567337656464,0.8450123685389469,26.049465306433884,0.8736654578265531
harbor_harbor23.png,25.18491337471486,0.8468464945927967,26.780265024840947,0.8809446992358217
harbor_harbor24.png,23.582614740725944,0.8408846273533778,25.123845256684582,0.8661052414179243
harbor_harbor25.png,24.625404567813852,0.8406453639738237,26.086439293313628,0.8694018471818397
harbor_harbor26.png,24.07490438045969,0.845418288834833,25.70800948033806,0.8741385075806652
harbor_harbor27.png,23.508374884429763,0.8168782437150027,25.037757555110943,0.8462891950910417
harbor_harbor28.png,23.95854440140264,0.810904944815677,25.599447355750613,0.8523664831049437
harbor_harbor29.png,23.626910155921976,0.8344629439348225,25.19511228689995,0.8548483443443508
harbor_harbor30.png,24.513871104813497,0.8277196381441811,26.109383597882193,0.8638046344820669
harbor_harbor31.png,23.202495543988242,0.8212810909408611,24.68017850767202,0.8499007432736188
harbor_harbor32.png,25.873787232489526,0.7582686626192278,27.624535755035065,0.8149180473737031
harbor_harbor33.png,26.04398149582464,0.7549587094153004,27.833943089614706,0.8105959483371704
harbor_harbor34.png,24.921184015751287,0.7071502725537373,26.454280106825276,0.7632062230077282
harbor_harbor35.png,23.892608593317576,0.7205719320791646,25.417729804576123,0.7660595996503191
harbor_harbor36.png,24.759357456993488,0.6879627497917014,26.411705914308598,0.7316991392495248
harbor_harbor37.png,24.825850400208612,0.6956030287175271,26.420700362687782,0.7442001600373357
harbor_harbor38.png,23.002948158472798,0.6323876461278408,24.290961998739483,0.6693920944938535
harbor_harbor39.png,23.982762078660556,0.643212305265067,25.420687327980303,0.6843204719906697
harbor_harbor40.png,24.020670628391542,0.6373952106946801,25.23578276059567,0.6736495216756619
harbor_harbor41.png,22.219815053565547,0.6177587358948903,23.54109300071095,0.6479717186573374
harbor_harbor42.png,23.21427982856457,0.5965021554918447,24.43244733682713,0.6340428585076633
harbor_harbor43.png,17.52958714555206,0.6856179877447982,18.91450049126349,0.7009486439237497
harbor_harbor44.png,18.121220030576644,0.6828185682237417,19.395941114677225,0.6912118278131221
harbor_harbor45.png,17.755577463453708,0.6900494109183591,19.12196222111833,0.7023620531562855
harbor_harbor46.png,18.20243079623687,0.7081164316694114,19.423655012500994,0.7138212112913858
harbor_harbor47.png,18.818391984356207,0.7210126396235177,20.060542270696295,0.7264749308439927
harbor_harbor48.png,18.342218839436136,0.721405436792702,19.5454158870337,0.7237375121388325
harbor_harbor49.png,19.307185793208856,0.7421470196772871,20.67799661050545,0.7570160868678288
harbor_harbor50.png,19.99032614790025,0.7392665829481202,21.457464479385738,0.7560088654226974
harbor_harbor51.png,18.107842133665926,0.6744799524974828,19.442984554941148,0.6862157549850374
harbor_harbor52.png,18.068636190714873,0.6868325879767534,19.21469260438228,0.6876927785083289
harbor_harbor53.png,20.536129148193343,0.7410904583611836,21.750363687479005,0.750482994606971
harbor_harbor54.png,20.009311148847747,0.7406671124994086,21.247556879156292,0.7451157003835094
harbor_harbor55.png,18.582456739073365,0.7048733787863686,19.7402461942276,0.7060758598251026
harbor_harbor56.png,18.70629691038589,0.6682133414931682,19.827313293525744,0.6692253406342498
harbor_harbor57.png,18.612639178567335,0.6660365340161983,19.791556124052722,0.6719151219293796
harbor_harbor58.png,20.26956997547122,0.7485047260272625,21.548101188980308,0.7597248584612745
harbor_harbor59.png,17.52795295910264,0.6875543593715366,18.873942769949657,0.7013904689355461
harbor_harbor60.png,17.97297071604039,0.7027543010690408,19.179616711938806,0.7068828349835542
harbor_harbor61.png,17.540681920535956,0.6690843582194651,18.849280980821234,0.6798868825904822
harbor_harbor62.png,21.617543988420476,0.7579718893108746,22.815985778025585,0.7695952646547151
harbor_harbor63.png,19.946146524323968,0.729133703666268,21.262745968166076,0.7402223921589942
harbor_harbor64.png,20.172743049974493,0.7411141241634877,21.457875833896797,0.7482134821212317
harbor_harbor65.png,19.67244755826863,0.7043661679200955,20.866945704249694,0.7100027142522504
harbor_harbor66.png,20.11829331561988,0.6921456371417917,21.299535027971682,0.7002943307594466
harbor_harbor67.png,19.85261125379803,0.7514075626246267,21.22775263219382,0.7641536172970457
harbor_harbor68.png,20.33047691769495,0.7882679192657128,21.709324410802306,0.7998835404842438
harbor_harbor69.png,20.719354850910502,0.7442633302060466,21.85049940816497,0.7510697550398183
harbor_harbor70.png,21.94006257967579,0.7948929930249347,23.162154156601616,0.8050965207803954
harbor_harbor71.png,25.09787582604789,0.7960482491386291,26.45040834590672,0.8116258952247796
harbor_harbor72.png,25.496326283497055,0.8178546720101387,26.934610664175178,0.8307967466025286
harbor_harbor73.png,25.366158101427615,0.8004940319125975,26.748363648279458,0.8141782364971775
harbor_harbor74.png,25.143418756400578,0.7905036831430811,26.54245611017279,0.8050359622612328
harbor_harbor75.png,25.10422529215845,0.7871467008819577,26.47797288944212,0.8019422209027984
harbor_harbor76.png,24.98656909328014,0.7892417821996944,26.410099209796645,0.8052768830916643
harbor_harbor77.png,24.385018565209208,0.779086156033496,25.78301338974355,0.7962013042701875
harbor_harbor78.png,24.139072121522883,0.7658238247817829,25.533062286235158,0.7807609735678818
harbor_harbor79.png,24.48811685801498,0.7840299747065792,25.932901874810092,0.7992358282664797
harbor_harbor80.png,25.098183810536803,0.8142552379727791,26.509189621700212,0.8284614545647556
harbor_harbor81.png,24.220287794405493,0.8021972009755894,25.682478295404923,0.8183463151628524
harbor_harbor82.png,16.421644218042267,0.66553899573683,17.59540463786469,0.6763666930731901
harbor_harbor83.png,16.516319181586447,0.675991219399501,17.799769768879003,0.6871738535144996
harbor_harbor84.png,17.750812992748347,0.7318550899589201,18.955224715176364,0.7405922500862131
harbor_harbor85.png,17.950074247053013,0.6726308133754494,19.17708540130325,0.6888804396953887
harbor_harbor86.png,17.145772816782763,0.6631047467551635,18.335017585966746,0.6764946332193188
harbor_harbor87.png,17.010200808001073,0.6962083988767972,18.117546332552283,0.7028074099795752
harbor_harbor88.png,17.946183996855073,0.7273885870755511,19.094983607090754,0.7313437552454425
harbor_harbor89.png,18.093437863609406,0.7508088595726639,19.631698743959276,0.7618281405852433
harbor_harbor90.png,17.544642473301614,0.7149966756260744,19.03372871840694,0.734397860895163
harbor_harbor91.png,17.983512644697196,0.7290822370984693,19.093800674616325,0.7345170444341006
harbor_harbor92.png,17.136010078393465,0.6738850291406769,18.325416780940596,0.6829905035970636
harbor_harbor93.png,16.715102737433213,0.6751629653228122,17.97039022104175,0.6900364368230573
harbor_harbor94.png,16.899793534699764,0.7038245313523047,18.16823316761282,0.7152166321602877
harbor_harbor95.png,17.460955463849388,0.7360278411964495,18.76855309798376,0.748082246798686
harbor_harbor96.png,19.00085977444761,0.7812902688312398,20.195434146547854,0.7923507157343964
harbor_harbor97.png,22.006098065361005,0.8522334901112454,23.32131904009698,0.8641828410360779
harbor_harbor98.png,17.278775191099935,0.6889885103764483,18.54077341483724,0.6990889766742461
harbor_harbor99.png,18.003412969283332,0.6935443213433604,19.29914593652797,0.7088344816284938
intersection_intersection00.png,28.104515703169916,0.842528236528029,29.821365642367503,0.8650401784113488
intersection_intersection01.png,27.769494192687286,0.8514394088957425,29.301781414555492,0.8683838027428579
intersection_intersection02.png,26.685472936701533,0.8546522109762238,28.27227705162874,0.8707901721422181
intersection_intersection03.png,26.774385287501886,0.8224891204188531,28.306885886021476,0.8385338140696574
intersection_intersection04.png,26.504288544343304,0.7907364157756844,28.023120636070548,0.8103283691507959
intersection_intersection05.png,28.226989195216234,0.8397544151347688,29.78631557876829,0.859767270520052
intersection_intersection06.png,26.621969296608935,0.8037986473844899,28.090596482550886,0.8251534481419411
intersection_intersection07.png,28.60394674018889,0.8127635075568905,30.03242008255933,0.8362230612302172
intersection_intersection08.png,27.16201221046212,0.831240366078287,28.69290483210587,0.8543746010558673
intersection_intersection09.png,26.46817788055854,0.8185416356906998,28.00410924428681,0.8384647098442839
intersection_intersection10.png,27.231400874648415,0.8235201287979866,28.999128342708858,0.8438074279946549
intersection_intersection11.png,25.932082406365673,0.8008971492684381,27.309242466716725,0.8214400840470399
intersection_intersection12.png,25.86335804279351,0.8095984095403931,27.38373371340121,0.8278145829382598
intersection_intersection13.png,27.027838359270238,0.8005550383951298,28.546430080108514,0.8249140908900511
intersection_intersection14.png,28.404756585789656,0.8497028873601126,30.01171077317046,0.8674644321605699
intersection_intersection15.png,28.388332447770708,0.8667147922456456,30.22720676822532,0.8865228883293068
intersection_intersection16.png,26.650691307351412,0.7575922837241663,28.16374818393652,0.7938406505886937
intersection_intersection17.png,25.062524685018932,0.7251319120980227,26.340320588297953,0.7512014416168556
intersection_intersection18.png,25.989104511377377,0.7020335652805468,27.538920709145295,0.7363682426388932
intersection_intersection19.png,25.112968664131895,0.7679198184142186,26.467887406394148,0.7896435001179419
intersection_intersection20.png,24.436707361593072,0.6778793807057886,25.990659235634205,0.7117849609623359
intersection_intersection21.png,27.59898735191878,0.7702633688833482,29.146108499975192,0.7983225246352587
intersection_intersection22.png,27.289019463177013,0.7342120779567466,28.81870746329951,0.7694493189975782
intersection_intersection23.png,23.923537315730936,0.6955097822637913,25.36369093860808,0.7258427916299267
intersection_intersection24.png,24.26018495206209,0.7095587916130426,25.739282363472654,0.73976491680438
intersection_intersection25.png,25.93007031693102,0.7604115477693201,27.46178886584795,0.7856039596206341
intersection_intersection26.png,27.024198505244247,0.7489927972890196,28.360225831470128,0.7758280410927513
intersection_intersection27.png,25.45605218735876,0.7380496731220667,26.768325354666594,0.7622145159437249
intersection_intersection28.png,24.968994598893246,0.7512978655517623,26.338126907098882,0.7755674885070947
intersection_intersection29.png,24.359282919865244,0.7173066497267241,25.771470667281392,0.7463342830089539
intersection_intersection30.png,23.86227089054251,0.7146238328979191,25.409052671518864,0.745044908264907
intersection_intersection31.png,24.166999453881036,0.7103578873336106,25.46503366864874,0.7352719688581976
intersection_intersection32.png,23.718063974555218,0.744724487166961,25.124346666210027,0.7662310317850536
intersection_intersection33.png,24.95714664533658,0.7039231463044043,26.308660767269064,0.7285460690267731
intersection_intersection34.png,23.904302661581184,0.7109190093240869,25.17809612279958,0.7619826428861602
intersection_intersection35.png,24.854675821934112,0.7177958365562661,26.25263444108617,0.7552050891903038
intersection_intersection36.png,24.68584409506225,0.7134335881038284,26.07735041531173,0.7560994930453471
intersection_intersection37.png,25.259886438139926,0.7180223813588128,26.396841542611085,0.7508046818847302
intersection_intersection38.png,23.397828065970767,0.6876033370055037,24.586089507576723,0.7282069879447253
intersection_intersection39.png,23.99869142353998,0.7144194794125482,25.322634320233874,0.7541632332493213
intersection_intersection40.png,24.413401398320556,0.7138308709254532,25.981723205628015,0.7751501799250063
intersection_intersection41.png,23.345907004778063,0.7015132404170733,25.087325664414028,0.7395964212663532
intersection_intersection42.png,23.657673372157475,0.7031204562037736,25.112861997244153,0.7432485268538076
intersection_intersection43.png,24.159468674351356,0.701975275464683,25.748791422537664,0.7551620893644612
intersection_intersection44.png,26.308814685353813,0.7362485889461867,27.98865844109799,0.8090507892024708
intersection_intersection45.png,26.237828771062887,0.7549312424047637,27.683327133016743,0.8065137636318535
intersection_intersection46.png,25.697485851817973,0.703385749371242,27.060895104141927,0.7394285953737291
intersection_intersection47.png,25.577465621171257,0.7523445599029136,27.033030145241792,0.772757096194388
intersection_intersection48.png,27.23120675976263,0.7578076737576556,28.73577665954389,0.781499953980992
intersection_intersection49.png,24.039096282359754,0.7300766299427063,25.33874667162353,0.7502059433659156
intersection_intersection50.png,25.29176798157517,0.7160729166569064,27.00172605266691,0.7422337878999832
intersection_intersection51.png,27.768070588876608,0.7979980757767802,29.212895882641917,0.8196485815316668
intersection_intersection52.png,25.424064637662845,0.7252201675670596,27.068704865920232,0.7534569960447829
intersection_intersection53.png,25.37907119008379,0.7437755721213773,27.015640993011075,0.7660430294884131
intersection_intersection54.png,24.800267320771766,0.7366165040055507,26.39657392184489,0.7628328570785031
intersection_intersection55.png,23.782397777355882,0.6886352432514182,25.32323912056109,0.7104124288395748
intersection_intersection56.png,24.36591909486345,0.7042650104283584,25.492907422759835,0.7236225678802397
intersection_intersection57.png,23.550015902043366,0.7076908124174484,24.891173182016914,0.7252961380007829
intersection_intersection58.png,26.107544073893575,0.7238541217789085,27.378929000531024,0.744646434728503
intersection_intersection59.png,20.839268426644292,0.6186045170252168,22.063811815067247,0.6351643161912566
intersection_intersection60.png,30.412587361016087,0.889158769764415,32.27343688766107,0.9099303976113976
intersection_intersection61.png,30.532813444013634,0.8886495231941677,32.39880101166612,0.9087568431887112
intersection_intersection62.png,24.024677437157216,0.7324419135568649,25.13657897446795,0.7417804676845074
intersection_intersection63.png,25.173607872089534,0.7663876260785147,26.274361547641092,0.7768564574648261
intersection_intersection64.png,26.521385876813532,0.785095100070996,27.569110584535906,0.8052383511435802
intersection_intersection65.png,25.95838985389292,0.7912080892769054,27.125443564745083,0.8069727985661737
intersection_intersection66.png,24.876419210880943,0.7778290435359553,26.082139408914493,0.7940333517013362
intersection_intersection67.png,25.336652806941586,0.7881409015328226,26.433085327553336,0.7983684932990618
intersection_intersection68.png,23.56346101336095,0.7065454933884582,24.632696344336374,0.7219547267296885
intersection_intersection69.png,23.951273779611025,0.7434479563761882,24.958962248182868,0.7500795063976133
intersection_intersection70.png,28.413770197313326,0.8545886299164543,29.234591523241974,0.8540608967128018
intersection_intersection71.png,25.903321456929945,0.8172077758265378,26.92806850206166,0.8165956308131748
intersection_intersection72.png,27.090140298780476,0.8308664360788498,28.214719936872918,0.8357077072909195
intersection_intersection73.png,27.626140536268036,0.8356026777589918,28.997906480651636,0.8429007472937652
intersection_intersection74.png,28.181471709084278,0.8393696619951205,29.23622154826252,0.8415941454221179
intersection_intersection75.png,29.509821896859798,0.8422606191134782,30.355014478572674,0.8413453382963932
intersection_intersection76.png,30.78650040420915,0.8813596869882782,32.459377772805304,0.9007517252663305
intersection_intersection77.png,29.85813249969187,0.8668743514644737,31.50657299536059,0.88636604708438
intersection_intersection78.png,25.668560326668718,0.7882276430415868,27.177039858081073,0.8094854695437101
intersection_intersection79.png,17.271466944958323,0.4553313141369803,18.591835267998675,0.48592441839613826
intersection_intersection80.png,17.319525752981484,0.47942305142517044,18.710198076761372,0.5043220023467293
intersection_intersection81.png,18.253630184375027,0.48209445026036457,19.52513980815686,0.5087763524970932
intersection_intersection82.png,16.529183418827948,0.4714569182417223,17.800176043355226,0.4953784880826447
intersection_intersection83.png,18.460172190804037,0.4915046683703279,19.823648587164424,0.5199723419432094
intersection_intersection84.png,31.429270947349806,0.8458801157621462,33.307463680495076,0.8706204637372628
intersection_intersection85.png,29.331030742559996,0.863710874722709,31.059888127873926,0.8814736176457485
intersection_intersection86.png,26.854713113022637,0.7527061034386362,28.5721656097722,0.7788658600139875
intersection_intersection87.png,27.075506685996285,0.7741477220744392,28.46612178062019,0.7908646390371206
intersection_intersection88.png,24.844024668657745,0.719418295809028,26.435647238447245,0.7476710670879008
intersection_intersection89.png,26.78860027117026,0.7331913908097224,28.26074795099338,0.7580660304455211
intersection_intersection90.png,26.47112963617864,0.7247984684219101,27.929853847568747,0.7569462183793707
intersection_intersection91.png,23.00519799406411,0.6823345338448981,24.443316111414543,0.7013728928054344
intersection_intersection92.png,24.89625222475312,0.7109753460984508,26.42328690619238,0.7353298807140205
intersection_intersection93.png,25.725189636074415,0.7458485582467896,27.178412533940467,0.769878990482448
intersection_intersection94.png,26.146866225596433,0.7531568557792679,27.55490181195112,0.7749121077602592
intersection_intersection95.png,23.651643638415905,0.7045146677153328,24.92648374368667,0.7209444726752245
intersection_intersection96.png,23.904508087347725,0.7149480355589977,25.302941355688482,0.7350457683271109
intersection_intersection97.png,25.121084199211353,0.7336816314355795,26.608236937643245,0.7562148427949023
intersection_intersection98.png,24.078580019817583,0.7304663933054814,25.564951565175754,0.7554589981010827
intersection_intersection99.png,25.207593223514362,0.745934222602442,26.615081289359182,0.7636161073894744
mediumresidential_mediumresidential00.png,23.333845138446453,0.6245104886135461,24.6611593837292,0.6499847044401373
mediumresidential_mediumresidential01.png,25.740580229192624,0.6476514360749296,27.17240964048471,0.6783120272849704
mediumresidential_mediumresidential02.png,24.42553893624575,0.64053377016784,25.858732784392494,0.6678939210403717
mediumresidential_mediumresidential03.png,24.678509481650362,0.6650023538684289,26.07259483121077,0.6945343851365909
mediumresidential_mediumresidential04.png,24.77416725870583,0.6540282077699919,26.34792407300493,0.6911276431934055
mediumresidential_mediumresidential05.png,25.723034614317783,0.6768530015919615,27.260999320027608,0.7119335324127158
mediumresidential_mediumresidential06.png,26.37051722298049,0.7063706721378032,27.99726875748169,0.7389673794287545
mediumresidential_mediumresidential07.png,27.464522482504222,0.6923466386558944,28.930163462503025,0.7298146393033469
mediumresidential_mediumresidential08.png,24.85868093407457,0.6598189922400497,26.312528003746053,0.6951548825774061
mediumresidential_mediumresidential09.png,24.638775779691798,0.6170523473719185,26.15258688614851,0.654253071393337
mediumresidential_mediumresidential10.png,25.19056225326142,0.6336244166091137,26.608315015491986,0.6654242809736564
mediumresidential_mediumresidential11.png,21.342836015778488,0.6022145391041757,22.74073124824813,0.63058836324042
mediumresidential_mediumresidential12.png,20.364951245552948,0.5725358084820183,21.6704509113234,0.596074297394819
mediumresidential_mediumresidential13.png,24.222218100201893,0.6297134614661314,25.7820121206085,0.6729704471500106
mediumresidential_mediumresidential14.png,25.182865060425776,0.6360106286921093,26.607728719965706,0.6729769337614987
mediumresidential_mediumresidential15.png,23.983801742457498,0.667244122825769,25.346026074901268,0.6957595152165067
mediumresidential_mediumresidential16.png,24.01610648719675,0.6444936286721342,25.431827115660894,0.6744077054346425
mediumresidential_mediumresidential17.png,23.890017667113913,0.6480160358233332,25.326659028814255,0.680957280165698
mediumresidential_mediumresidential18.png,22.299723530841277,0.6046102554772044,23.702174146045046,0.6385746743211751
mediumresidential_mediumresidential19.png,24.807739640295786,0.6946326530697552,26.20531272581382,0.7283309216647249
mediumresidential_mediumresidential20.png,24.557038032771892,0.6912768782945675,25.971187030567844,0.7219302644038982
mediumresidential_mediumresidential21.png,24.788731703577625,0.6322878558661019,26.14003243955489,0.6704224950102076
mediumresidential_mediumresidential22.png,24.78588946946629,0.6389667032551117,26.330685625582863,0.6789528222390376
mediumresidential_mediumresidential23.png,27.31352202461729,0.7108721294047903,28.774123873753013,0.7464036748931102
mediumresidential_mediumresidential24.png,22.230512564819765,0.6260561325072905,23.685608418365966,0.6593584359575136
mediumresidential_mediumresidential25.png,21.72222890285301,0.6051486395125354,23.197351003352868,0.6412646708183118
mediumresidential_mediumresidential26.png,24.7826668189073,0.6441316209079421,26.17348231569254,0.6775562799813168
mediumresidential_mediumresidential27.png,25.508122409565523,0.7114408707335564,27.019834134591424,0.7434347358326039
mediumresidential_mediumresidential28.png,23.376367451741956,0.7277927967485179,24.64433969472926,0.7539623246767041
mediumresidential_mediumresidential29.png,23.095866007314974,0.7122061433207504,24.37588302013369,0.7452945855893518
mediumresidential_mediumresidential30.png,23.133414063037883,0.7189590773798039,24.43340206168599,0.7505635451174301
mediumresidential_mediumresidential31.png,22.763449890325262,0.7229354128499855,24.097561999850114,0.75527233955238
mediumresidential_mediumresidential32.png,23.481623305960248,0.720760526308582,24.69363487671789,0.7546506595503695
mediumresidential_mediumresidential33.png,22.41672901672303,0.7174239586667058,23.875725041913512,0.7555923141987335
mediumresidential_mediumresidential34.png,23.809824845064153,0.7167971839871142,25.3633276394781,0.7674683116740947
mediumresidential_mediumresidential35.png,23.88293511219627,0.7120242241306874,25.350286193320773,0.7547456419349224
mediumresidential_mediumresidential36.png,23.17157888296751,0.6856825777367241,24.53163296496544,0.708802029212821
mediumresidential_mediumresidential37.png,22.80645131653592,0.67420452996077,24.31742167073633,0.696815647526202
mediumresidential_mediumresidential38.png,22.788545276766712,0.7006097745571148,24.24464219564267,0.724370400059871
mediumresidential_mediumresidential39.png,23.511803902420144,0.702487703986518,24.919836725231587,0.7270685787295944
mediumresidential_mediumresidential40.png,22.5357709954425,0.6718606847294684,23.89029665593814,0.6938380623359757
mediumresidential_mediumresidential41.png,22.751777248290068,0.6589693090182737,24.134682537763954,0.6851647381928968
mediumresidential_mediumresidential42.png,23.3672252232164,0.678230885674601,24.784602774599843,0.7010209743313303
mediumresidential_mediumresidential43.png,23.826114416300594,0.7034062941131761,25.20204999408067,0.726661944841692
mediumresidential_mediumresidential44.png,23.792431575877092,0.705276836951012,25.172580944139483,0.7266126127197443
mediumresidential_mediumresidential45.png,23.99671579438399,0.7252934378424012,25.410926829840843,0.7457400883419576
mediumresidential_mediumresidential46.png,23.736054750041077,0.7201130607800182,25.087706538778782,0.7409608532670467
mediumresidential_mediumresidential47.png,21.57367352528951,0.6492064207999014,23.052182393621017,0.6734684521923102
mediumresidential_mediumresidential48.png,24.088689052994745,0.7148226385501085,25.48370081571796,0.7345926799402612
mediumresidential_mediumresidential49.png,22.904983129527544,0.6612278230337325,24.165954252514044,0.6819967293058068
mediumresidential_mediumresidential50.png,21.798787547990766,0.6641340575165278,23.11178755053129,0.6863706762597722
mediumresidential_mediumresidential51.png,21.862751334090596,0.664986551127102,23.214116799691187,0.68515539353804
mediumresidential_mediumresidential52.png,23.58294045483605,0.6925406854645023,24.922521028234804,0.7097910390446684
mediumresidential_mediumresidential53.png,23.77165994745195,0.7250575824512647,25.22238838615237,0.7454360538383383
mediumresidential_mediumresidential54.png,23.25416267558271,0.7185715007259237,24.625121829183215,0.7397213837951456
mediumresidential_mediumresidential55.png,23.79096325191395,0.7032436976572916,25.212898241872132,0.725650494275725
mediumresidential_mediumresidential56.png,21.878446745977016,0.637243195175738,23.213527528980492,0.6562825240822702
mediumresidential_mediumresidential57.png,21.96495690649053,0.622215946251906,23.304556643478396,0.6436479965549642
mediumresidential_mediumresidential58.png,22.05649472994586,0.6522037305101263,23.376624355059867,0.6718029709093273
mediumresidential_mediumresidential59.png,22.43142556414802,0.6723801304619785,23.552920663996705,0.684998945171194
mediumresidential_mediumresidential60.png,22.26656994760826,0.673342719305806,23.580521207845084,0.6942368361629253
mediumresidential_mediumresidential61.png,22.776173448102032,0.7090024640346334,24.034869967959995,0.7258204661807924
mediumresidential_mediumresidential62.png,22.76171635022257,0.6955156671736082,24.036221937965443,0.7097985285811308
mediumresidential_mediumresidential63.png,23.37381196051643,0.6839850064363189,24.55582632490866,0.6954283598271319
mediumresidential_mediumresidential64.png,23.485710608106167,0.7345126765673179,24.729312093512206,0.7508990026664167
mediumresidential_mediumresidential65.png,23.10732193208095,0.7098177631047283,24.457001353109142,0.7265363116677284
mediumresidential_mediumresidential66.png,22.771730469681323,0.6880654271311736,23.95165021847904,0.7057617419022169
mediumresidential_mediumresidential67.png,24.323354277362665,0.7415610040883056,25.649430015565102,0.7568149943800428
mediumresidential_mediumresidential68.png,23.79448275740122,0.6992638748562526,24.97518941073757,0.7135227461752512
mediumresidential_mediumresidential69.png,20.59063741096366,0.5978651810039842,21.886379156038934,0.612426165064122
mediumresidential_mediumresidential70.png,22.207969097183643,0.6453372675093927,23.5502905203346,0.666866128292031
mediumresidential_mediumresidential71.png,20.904050855074836,0.5856811986918321,22.17919480217116,0.6065835438114098
mediumresidential_mediumresidential72.png,19.917620489844346,0.6015598566288453,21.1058227154655,0.6238750443439673
mediumresidential_mediumresidential73.png,21.01512582146121,0.603733595116764,22.222033698544386,0.6234690428582798
mediumresidential_mediumresidential74.png,21.014272270832848,0.6127225622074786,22.298679071152563,0.6354936285730199
mediumresidential_mediumresidential75.png,20.3796090366663,0.5978170165233414,21.579557050657073,0.6154851751212153
mediumresidential_mediumresidential76.png,29.325942796094573,0.8571751522406893,30.81824557893644,0.8764777496950774
mediumresidential_mediumresidential77.png,29.961711944872768,0.8499912306339663,31.614144986838344,0.8717785681770412
mediumresidential_mediumresidential78.png,30.550949848499624,0.8686028448770351,32.20620054548298,0.8918258395617275
mediumresidential_mediumresidential79.png,29.907028889289027,0.8499671943430518,31.42561378041794,0.8715342389552481
mediumresidential_mediumresidential80.png,30.091500683678287,0.841931122409083,32.12445368077185,0.8750169607182524
mediumresidential_mediumresidential81.png,24.325995377811505,0.7398792285948144,25.45456681191407,0.7366186517187582
mediumresidential_mediumresidential82.png,25.05138857858252,0.741181221876301,26.055019967036024,0.7437248516937718
mediumresidential_mediumresidential83.png,23.458402761519007,0.7442697659015854,24.47587627928045,0.7467901263762089
mediumresidential_mediumresidential84.png,24.92302978645304,0.7728370745267262,26.138074611421057,0.7887853296098831
mediumresidential_mediumresidential85.png,25.61009998042246,0.7858593535980999,26.811330404113228,0.8031044589506401
mediumresidential_mediumresidential86.png,24.54853702976211,0.7191103941926164,25.58222469922244,0.7234369817193037
mediumresidential_mediumresidential87.png,26.07392712760582,0.7741348692655183,27.370894803925857,0.7933766437772795
mediumresidential_mediumresidential88.png,29.10360859971668,0.8275832191692759,30.151193903393082,0.839469168413537
mediumresidential_mediumresidential89.png,30.179910490793613,0.8427625245643903,31.388908106854846,0.8634550385256792
mediumresidential_mediumresidential90.png,27.949474089284024,0.8200580082861993,29.08369405858923,0.8276578023955709
mediumresidential_mediumresidential91.png,26.75277137207773,0.8082656774448984,27.83537239579768,0.8147517829750179
mediumresidential_mediumresidential92.png,23.196975123928787,0.5893451698154997,24.437495773759323,0.6184723957544568
mediumresidential_mediumresidential93.png,27.1897444484297,0.7616073816489138,28.62082103614903,0.7920628054281633
mediumresidential_mediumresidential94.png,26.917032706964022,0.7912432913435158,28.548110366453315,0.8104047011081975
mediumresidential_mediumresidential95.png,24.52191857084834,0.7591426789398934,25.882543282875183,0.7784376095442807
mediumresidential_mediumresidential96.png,24.581968959618745,0.7716558000550279,26.004345808246757,0.7895724105527654
mediumresidential_mediumresidential97.png,23.45388888183791,0.7228378655467999,24.872015892757577,0.744646191104688
mediumresidential_mediumresidential98.png,26.369357077492566,0.6501142096749462,27.71742692670335,0.6859249374842744
mediumresidential_mediumresidential99.png,25.79817077257563,0.6637227675079207,27.15724701670499,0.6978144918493985
mobilehomepark_mobilehomepark00.png,21.962377311923994,0.6353112375451756,23.43442742226121,0.668165492446108
mobilehomepark_mobilehomepark01.png,22.407122744021223,0.6416179676258769,23.81185628522001,0.6703992346762729
mobilehomepark_mobilehomepark02.png,22.729645178927562,0.7173803235695532,24.283495748390354,0.7397654842944492
mobilehomepark_mobilehomepark03.png,21.687409444124533,0.6753996293764292,22.982454597034206,0.6927615388451889
mobilehomepark_mobilehomepark04.png,23.12400378951422,0.6912260847511247,24.424224542587826,0.7092276770433286
mobilehomepark_mobilehomepark05.png,22.23735816003184,0.7207195232018427,23.68615548161445,0.7387409930620463
mobilehomepark_mobilehomepark06.png,21.971990269972295,0.7007627163870719,23.438829355829615,0.7172382637609538
mobilehomepark_mobilehomepark07.png,22.193190466967177,0.68639439085688,23.617385118961,0.7078577544572869
mobilehomepark_mobilehomepark08.png,22.570614143553833,0.7265148658127144,23.964793008665847,0.7446054965472285
mobilehomepark_mobilehomepark09.png,22.409651269997745,0.7059428217969125,23.805886305744796,0.722907809664023
mobilehomepark_mobilehomepark10.png,22.548995706364586,0.7061575265364947,24.05576159699268,0.7301080957591518
mobilehomepark_mobilehomepark11.png,23.30675833529043,0.7105168401832743,24.800620185800955,0.7329435728991678
mobilehomepark_mobilehomepark12.png,24.974911653786023,0.7586048511544407,26.164480822326315,0.7708519798049694
mobilehomepark_mobilehomepark13.png,22.983915902057703,0.6849747451870263,24.414909112067917,0.7069570105161577
mobilehomepark_mobilehomepark14.png,24.4178736768647,0.7503393796577195,25.96610781235766,0.7705973912311245
mobilehomepark_mobilehomepark15.png,22.52741425587522,0.7107406939425177,23.809342365023518,0.7300078705344947
mobilehomepark_mobilehomepark16.png,22.10988263842473,0.7099897664526426,23.515990263721044,0.7314935192312635
mobilehomepark_mobilehomepark17.png,21.389515133477303,0.725139873382853,22.808691671613317,0.7406162111016098
mobilehomepark_mobilehomepark18.png,21.34356641012961,0.7144088228947535,22.742846388751534,0.7314303454061236
mobilehomepark_mobilehomepark19.png,21.70420119671767,0.7231498476922505,23.0881941930717,0.7424059351761518
mobilehomepark_mobilehomepark20.png,22.489564139930422,0.7408860284215463,23.9191806618685,0.7596277505315788
mobilehomepark_mobilehomepark21.png,21.890455946078294,0.7116863062140065,23.261191275227482,0.7302642485396895
mobilehomepark_mobilehomepark22.png,22.234737740701537,0.7225156800545047,23.597613246428757,0.7386637865361158
mobilehomepark_mobilehomepark23.png,22.136890887013987,0.7320544345712392,23.314566947512596,0.7445948117908037
mobilehomepark_mobilehomepark24.png,21.4850993778103,0.6962938723175777,22.741675584273786,0.7108795627745499
mobilehomepark_mobilehomepark25.png,24.620147609798863,0.7830454036474617,25.83435336756825,0.7877292995424439
mobilehomepark_mobilehomepark26.png,23.409672998190125,0.7502258298965945,24.515872056082067,0.7497727347305752
mobilehomepark_mobilehomepark27.png,26.239272814004405,0.8226719209914242,27.169725106731132,0.8227170947388335
mobilehomepark_mobilehomepark28.png,26.42165158002008,0.8348624722268081,27.353625481825215,0.8360851307796529
mobilehomepark_mobilehomepark29.png,26.4793185243602,0.8212588905266696,27.309610082256523,0.8223998032241836
mobilehomepark_mobilehomepark30.png,26.562512270587007,0.8155775751408867,27.37874134075725,0.8119203958672235
mobilehomepark_mobilehomepark31.png,26.989108724029297,0.8277932131090817,27.84901633900235,0.8312229951889456
mobilehomepark_mobilehomepark32.png,26.81517138803403,0.8337495833709743,27.71112565640223,0.8339309145839559
mobilehomepark_mobilehomepark33.png,26.65757893495907,0.8338705670139968,27.68031266400667,0.8317970484457616
mobilehomepark_mobilehomepark34.png,26.398900304044723,0.8067002345307016,27.198280076273022,0.8024346530044716
mobilehomepark_mobilehomepark35.png,26.591339413736375,0.8040196806397256,27.386911450845886,0.8000597327134857
mobilehomepark_mobilehomepark36.png,26.456103508689917,0.8162952338216211,27.54636782425205,0.8169744242644852
mobilehomepark_mobilehomepark37.png,26.620889787588034,0.8155902896685397,27.583037330539394,0.8144827689194928
mobilehomepark_mobilehomepark38.png,26.08539821021455,0.8303947708608894,26.982225637171908,0.8292763584106337
mobilehomepark_mobilehomepark39.png,26.009403121736668,0.8350995087487029,26.929105526306266,0.8343117724434245
mobilehomepark_mobilehomepark40.png,25.956562226926163,0.816336331460751,26.92246418518785,0.8125831962030343
mobilehomepark_mobilehomepark41.png,26.451844300622408,0.8179021066791358,27.257621858211785,0.8131805873340585
mobilehomepark_mobilehomepark42.png,26.613127196021242,0.8246934493160958,27.645512290484376,0.8229399174492282
mobilehomepark_mobilehomepark43.png,26.861849178806082,0.8209903304036491,27.814879492317054,0.8183784183229419
mobilehomepark_mobilehomepark44.png,26.20548912695108,0.8205748997171143,27.046031495571775,0.8169235971619493
mobilehomepark_mobilehomepark45.png,26.636248310956745,0.8316296676454558,27.52597173835091,0.8301809418781058
mobilehomepark_mobilehomepark46.png,26.39643057925855,0.8321734809937001,27.340021034418843,0.8319966579231258
mobilehomepark_mobilehomepark47.png,26.447435599517704,0.8231319863786362,27.497966714530527,0.8232715409478951
mobilehomepark_mobilehomepark48.png,25.070375765006258,0.8031249752052529,25.880910963918907,0.7989612171768647
mobilehomepark_mobilehomepark49.png,25.808885307296123,0.8234375245758295,26.728244292178267,0.8229679632821543
mobilehomepark_mobilehomepark50.png,25.552499451471068,0.8086677020035045,26.46444754370434,0.805859783456502
mobilehomepark_mobilehomepark51.png,25.474750103299137,0.7988583652313812,26.155334403334493,0.7946153733742733
mobilehomepark_mobilehomepark52.png,25.924124157472924,0.8140877583859512,26.88801061883778,0.8150474390362735
mobilehomepark_mobilehomepark53.png,25.857251193065174,0.8306943250854176,26.818216664054578,0.8312005166424394
mobilehomepark_mobilehomepark54.png,26.42184845049283,0.8423320278004226,27.226675962603665,0.8447917445476222
mobilehomepark_mobilehomepark55.png,26.185130924351153,0.8382714729828958,27.184161391771696,0.8425850565490839
mobilehomepark_mobilehomepark56.png,26.16967282021886,0.8302386851109446,27.18468950382765,0.8327638338036537
mobilehomepark_mobilehomepark57.png,26.892354464120526,0.8314597453506778,27.854271264965686,0.8325858554295191
mobilehomepark_mobilehomepark58.png,25.972493388129593,0.825618024991792,26.775660013075427,0.8211910455523763
mobilehomepark_mobilehomepark59.png,26.061478378806356,0.8250241678657261,26.993843309917477,0.8226812207711567
mobilehomepark_mobilehomepark60.png,26.23059977700069,0.8199446542812422,27.19145899762318,0.8199843832395259
mobilehomepark_mobilehomepark61.png,26.560010066627417,0.8381797523119218,27.492049492437193,0.8411124343087759
mobilehomepark_mobilehomepark62.png,25.31398155458133,0.8195000169637248,26.1256256211534,0.8149073007091734
mobilehomepark_mobilehomepark63.png,25.656203700347962,0.8169378237403512,26.410243175928684,0.8174951009137472
mobilehomepark_mobilehomepark64.png,25.521284642178582,0.823593414046559,26.33268791926353,0.8244024517086624
mobilehomepark_mobilehomepark65.png,25.051481520661927,0.8072909304639122,26.113083976799814,0.8114966063932825
mobilehomepark_mobilehomepark66.png,26.272947495213472,0.8302384021267825,27.297391424902266,0.8316386961741391
mobilehomepark_mobilehomepark67.png,25.46491418236102,0.827953501165105,26.500606896755254,0.8323765590311393
mobilehomepark_mobilehomepark68.png,26.154651972329322,0.8337916408081892,27.181549033621145,0.8367038002528204
mobilehomepark_mobilehomepark69.png,26.56532106050814,0.8398394676905987,27.69917888395307,0.8463546629883169
mobilehomepark_mobilehomepark70.png,26.148981610952703,0.8343363031622477,27.08245034703007,0.8361712368019514
mobilehomepark_mobilehomepark71.png,23.432429275391733,0.6378196207224143,24.85670555306435,0.6654146190833351
mobilehomepark_mobilehomepark72.png,23.919295942501527,0.6890377122748035,25.37740574997469,0.7148423193649391
mobilehomepark_mobilehomepark73.png,23.282554165230984,0.6748585798615663,24.654971033784754,0.6968931424316658
mobilehomepark_mobilehomepark74.png,22.769176907525082,0.6508030277735849,24.146784256853635,0.672389058605648
mobilehomepark_mobilehomepark75.png,22.736721166299155,0.5752852751988956,23.998352634913722,0.5976777695762335
mobilehomepark_mobilehomepark76.png,22.726647779404612,0.5888661685286043,24.035397395204235,0.6125310081315337
mobilehomepark_mobilehomepark77.png,22.107044851129444,0.6594172202586689,23.496114716531636,0.6772990963558267
mobilehomepark_mobilehomepark78.png,16.631627305932092,0.5362974274697975,18.04214276402442,0.5593349528785149
mobilehomepark_mobilehomepark79.png,16.083408258581,0.5265990670017182,17.341088430791242,0.5492695189707215
mobilehomepark_mobilehomepark80.png,14.982880985870041,0.4775684630246317,16.57418695217701,0.49944190862663357
mobilehomepark_mobilehomepark81.png,15.53375824500941,0.5015883068442003,16.92236795425388,0.5219387324338634
mobilehomepark_mobilehomepark82.png,16.18533711852181,0.5027555696161777,17.56565247990809,0.5215851168633522
mobilehomepark_mobilehomepark83.png,15.875287594250157,0.5201225900957668,17.125718184631438,0.5378106399068523
mobilehomepark_mobilehomepark84.png,15.918134714443221,0.46160464875945834,17.36604185709682,0.4801199553371364
mobilehomepark_mobilehomepark85.png,15.463741112032315,0.4726448056034121,16.785289460083494,0.4917038370930434
mobilehomepark_mobilehomepark86.png,15.273709777964452,0.4929056799911045,16.573049021396212,0.5084896127147934
mobilehomepark_mobilehomepark87.png,16.352044955192714,0.5062002416370538,17.704058487131988,0.5263692019251698
mobilehomepark_mobilehomepark88.png,15.694219976896001,0.487788476719144,17.079468557780995,0.5065361469074263
mobilehomepark_mobilehomepark89.png,16.600109208829757,0.46059691818494936,18.017739311016005,0.48511599420267015
mobilehomepark_mobilehomepark90.png,16.733587921596914,0.4583279932069293,18.057907854226567,0.4808368151955808
mobilehomepark_mobilehomepark91.png,16.300619204981285,0.44520123381228177,17.575229434094716,0.46932977065591985
mobilehomepark_mobilehomepark92.png,15.98276919371218,0.47237029923293283,17.299240720960654,0.4920207646056324
mobilehomepark_mobilehomepark93.png,15.63101794210316,0.49251724032135275,16.97984022308137,0.5138114319922381
mobilehomepark_mobilehomepark94.png,14.27575587465278,0.4812668856731451,15.626801899875748,0.4993681690122848
mobilehomepark_mobilehomepark95.png,14.508218709145586,0.4772202419928459,15.84470802821703,0.49294295037044
mobilehomepark_mobilehomepark96.png,15.286988678580279,0.4746119986519206,16.63993704212191,0.49630117508916927
mobilehomepark_mobilehomepark97.png,14.963096927962866,0.44202876036797845,16.30504842178749,0.46650638780966014
mobilehomepark_mobilehomepark98.png,15.30376848780855,0.47926474281910797,16.59133037959296,0.5057851198090716
mobilehomepark_mobilehomepark99.png,16.128848719914537,0.4572441209590199,17.517900508658283,0.47999062392304354
overpass_overpass00.png,28.41151309595427,0.8234903287275676,29.81450422962455,0.8458767947008904
overpass_overpass01.png,28.901760502029763,0.8720300756218281,30.80899798191828,0.8889155691356406
overpass_overpass02.png,24.93425539766051,0.7080777577746762,26.259047691234052,0.7632657484317461
overpass_overpass03.png,23.463200643352064,0.6967341210224935,24.850221129690272,0.7488342213384923
overpass_overpass04.png,25.604783819877092,0.7055734789310039,26.908413010308617,0.7493970404114833
overpass_overpass05.png,25.047725201660068,0.7031749401561659,26.696043865698176,0.7497569953229968
overpass_overpass06.png,25.201272761792666,0.7225628671035675,26.707087618842987,0.7559029764604211
overpass_overpass07.png,23.47526426232949,0.7203173048155572,24.852955020573496,0.7730223949555242
overpass_overpass08.png,24.76585499232651,0.7468318623910267,26.405952373621314,0.7991407302698226
overpass_overpass09.png,24.879448488413757,0.7626390326338596,26.502533303996294,0.8134385753031792
overpass_overpass10.png,22.997201181336013,0.6378988665205183,24.278910748802357,0.6731118226293965
overpass_overpass11.png,24.937330701235897,0.7485431518894693,26.72833836139859,0.7984788359411992
overpass_overpass12.png,26.843629214346436,0.7634950150931633,28.16972534462434,0.7847091143710501
overpass_overpass13.png,20.86971903838971,0.6142650209892064,21.973031473498764,0.6332501761381747
overpass_overpass14.png,21.177225449644762,0.6089878475124588,22.425786894384878,0.6319394655040347
overpass_overpass15.png,25.78397667793752,0.8160609866316292,26.94720627667963,0.8269279290604091
overpass_overpass16.png,26.281420036827647,0.8074526468622945,27.331075067789733,0.8217866768205168
overpass_overpass17.png,27.55975395042062,0.7635421062367148,28.529202342728347,0.7831917294300671
overpass_overpass18.png,27.929890907421346,0.8214530477621786,28.988999093584937,0.8409139752588535
overpass_overpass19.png,27.10944035091088,0.8106308153997648,28.322625683992623,0.8289475034624515
overpass_overpass20.png,25.27308654876556,0.7526089876304379,26.22103744478028,0.7609374509012582
overpass_overpass21.png,25.411394698751018,0.8004534348018693,26.4772644731965,0.8114401504814766
overpass_overpass22.png,28.881338053008104,0.855824174518502,29.96202506770321,0.8649605788717132
overpass_overpass23.png,28.16651500532691,0.8427582123820678,29.23542467188621,0.8500500737706589
overpass_overpass24.png,28.498474027886317,0.7871605734735129,30.007421698278453,0.8119528217043336
overpass_overpass25.png,28.01552906539589,0.7860908647195184,29.406925033037716,0.8107712964127205
overpass_overpass26.png,16.63104592064399,0.3676502250644729,17.9254933844201,0.39773568755915767
overpass_overpass27.png,19.142149540086088,0.45965019834099846,20.39620543745653,0.49337953232298426
overpass_overpass28.png,28.643349978618872,0.8025405772980504,30.050687737085603,0.8253383021994164
overpass_overpass29.png,26.271738973910487,0.7211488590567399,27.706210063078135,0.7473638900646753
overpass_overpass30.png,25.243377560014682,0.6748857899170565,26.483142806634767,0.6968380802366173
overpass_overpass31.png,25.87787304605728,0.7376454828601112,27.23939568832646,0.7583372871449082
overpass_overpass32.png,24.31139959551427,0.7456024191762199,25.66313087769027,0.7632028719445757
overpass_overpass33.png,25.70457045379235,0.6791784095061663,27.047814029776514,0.709139863401421
overpass_overpass34.png,25.985776040776972,0.6872575576067721,27.320637808137327,0.7161231861608617
overpass_overpass35.png,24.136834958496394,0.619026119438265,25.52043549258117,0.6497716734311589
overpass_overpass36.png,25.12064381128782,0.6868151029674735,26.3757176231304,0.7159003522401971
overpass_overpass37.png,24.51936527819209,0.6370528884790017,25.92980014737895,0.6675125589954914
overpass_overpass38.png,23.231707452835035,0.594119462011892,24.502314508554782,0.6196063385495258
overpass_overpass39.png,23.814909102852123,0.5611423187311538,25.054248308410063,0.592195287562398
overpass_overpass40.png,24.150745573955398,0.609820659620572,25.42228265487834,0.6399869408812906
overpass_overpass41.png,23.193801319466417,0.6326760934907444,24.59762124258245,0.6720994286576331
overpass_overpass42.png,23.25140852225703,0.6062324109115405,24.503159448780593,0.6492166621665597
overpass_overpass43.png,22.55568429050337,0.6067489193665941,23.820779686500902,0.6505061485895366
overpass_overpass44.png,22.56809001078226,0.6278393010061957,23.916441440699117,0.6660985408999268
overpass_overpass45.png,23.100571193970985,0.6788645459970035,24.285288575510044,0.7093489489904953
overpass_overpass46.png,23.00712982585106,0.6519111214829653,24.2960047495334,0.6855300950344674
overpass_overpass47.png,24.360994029047923,0.6128476020834066,25.63246281136612,0.6612990804433287
overpass_overpass48.png,24.254714072435505,0.7109568794356993,25.526695452887445,0.7406765385851198
overpass_overpass49.png,20.99155395993805,0.5456341443635427,22.292320884701947,0.5764454766676929
overpass_overpass50.png,25.839396035221288,0.7242930536545359,27.1006387499569,0.7524457860552279
overpass_overpass51.png,23.481910103050346,0.647385915836435,24.800558195847245,0.6868754749490747
overpass_overpass52.png,23.81957715813193,0.6500926444130259,25.200103082331236,0.6878177920455176
overpass_overpass53.png,23.97909111844067,0.6925557375755728,25.332535892616473,0.7257839163625327
overpass_overpass54.png,21.513440900622456,0.6374321086711717,22.85625161282794,0.6737589346855787
overpass_overpass55.png,26.416872348672182,0.7238315128034718,27.820703989912108,0.7501812410996368
overpass_overpass56.png,25.403396918301233,0.720892887189636,26.678052015253108,0.7484969953988607
overpass_overpass57.png,24.665250969924223,0.6863709051667509,25.940817504269948,0.7140075097856364
overpass_overpass58.png,24.152725373668392,0.6899393712618921,25.40445637047252,0.7173563067408882
overpass_overpass59.png,25.71733467519249,0.691007496343759,26.972940301608723,0.7187602837543359
overpass_overpass60.png,25.009027525319986,0.6761304819402043,26.315121556480317,0.7084033778393752
overpass_overpass61.png,26.78938604192605,0.7150115948826747,28.1151010009245,0.7481014618848053
overpass_overpass62.png,25.109047219340308,0.6818787658647762,26.426284153601813,0.7183185973306879
overpass_overpass63.png,22.80782065332318,0.6475831730313312,24.189745907218217,0.6746553884942437
overpass_overpass64.png,22.91064640102528,0.6926578116383055,24.507359332228948,0.7340254591797142
overpass_overpass65.png,25.341182399231045,0.7449735684009265,26.78963646123792,0.7795069753072236
overpass_overpass66.png,25.195157551966027,0.7175132460105577,26.61703972669388,0.7570977281285786
overpass_overpass67.png,26.54242747333545,0.7036436388772144,27.89631636433825,0.740463469920331
overpass_overpass68.png,24.59988017782099,0.6859286105932161,26.03430898470281,0.7262812822507994
overpass_overpass69.png,23.59846707548471,0.7329431291094597,25.097269471146518,0.7671266575717104
overpass_overpass70.png,25.26047599733698,0.6400544724001044,26.547679378091324,0.6781155658184618
overpass_overpass71.png,25.213826864216394,0.6530254040555515,26.620263530491997,0.6889322242681789
overpass_overpass72.png,24.282385880004664,0.638148246905077,25.572018359885384,0.6680707142704323
overpass_overpass73.png,25.115571359625047,0.6905733692180022,26.617860530194815,0.7246944131488355
overpass_overpass74.png,22.47390491827214,0.6346457185076503,23.951983915242927,0.6710012230620426
overpass_overpass75.png,25.681822118130214,0.6861822412452122,26.97216530097304,0.7201232362944369
overpass_overpass76.png,22.8369649978063,0.599699379154461,24.097775416793105,0.6344813353726348
overpass_overpass77.png,22.199044615954868,0.5933883308390167,23.568401150255717,0.6272145134094695
overpass_overpass78.png,26.14039326494702,0.6595256111536014,27.444035076215336,0.7032776667387564
overpass_overpass79.png,26.393142115587608,0.6789895274751956,27.78626038151333,0.7229850146889824
overpass_overpass80.png,24.13378337766991,0.6178946232023436,25.48482336176462,0.6583571898260018
overpass_overpass81.png,22.320945074735903,0.5383672839588158,23.607166100051597,0.5724772425822999
overpass_overpass82.png,22.43252558677383,0.5254158290895815,23.73252558469275,0.5698566593457817
overpass_overpass83.png,19.994634505825182,0.585660721448703,21.24287075986477,0.6209540309811091
overpass_overpass84.png,22.093941180384924,0.5782595715252764,23.439826657896575,0.6204656929524563
overpass_overpass85.png,22.00957678378048,0.578215987788769,23.284727142755916,0.6225204707693478
overpass_overpass86.png,21.56730130475719,0.5408131125350262,22.859146754522847,0.5843363232052953
overpass_overpass87.png,22.036158858202988,0.63445622646666,23.353032593856593,0.6701940790099996
overpass_overpass88.png,20.618509490368766,0.5254034905948791,21.829831008205062,0.5732405688831013
overpass_overpass89.png,23.06774047409472,0.5913975682670417,24.314262594043385,0.6343751323418281
overpass_overpass90.png,21.856150562365727,0.5637136822739558,23.11452628980576,0.5986687219352016
overpass_overpass91.png,24.54324537087778,0.6446055946337564,25.80295354381207,0.6823902321092797
overpass_overpass92.png,21.287307591937502,0.6026088465765657,22.608071009912827,0.6396218676772023
overpass_overpass93.png,24.188009488597135,0.7131293545028489,25.52491211680218,0.7462840245194207
overpass_overpass94.png,24.533469356432537,0.7182201806487364,25.894475724434546,0.7572045223346395
overpass_overpass95.png,22.351625856158105,0.6670348536730503,23.664656533549273,0.7011911697963557
overpass_overpass96.png,25.084900677057043,0.6981015726916794,26.476629506164965,0.7370760650675071
overpass_overpass97.png,24.417718476614976,0.7051529530829473,25.661864505785307,0.7358258513954802
overpass_overpass98.png,23.77303105405309,0.6811240982786192,25.11977711125756,0.7157987280720837
overpass_overpass99.png,23.760711899289653,0.6978221831344728,25.045233035498104,0.7275136788125347
parkinglot_parkinglot00.png,26.066482380446253,0.7854871298674051,27.584672191352336,0.8082727982573787
parkinglot_parkinglot01.png,23.472354975811403,0.7818614032452006,24.807083802215757,0.8050019798077447
parkinglot_parkinglot02.png,23.355324536406968,0.7858880016800173,24.828012999055836,0.8077978510530237
parkinglot_parkinglot03.png,24.74797668287073,0.7952919588507084,26.127506166836937,0.8181758125938858
parkinglot_parkinglot04.png,23.336754994828826,0.7968967147932998,24.744470159847406,0.8176213828334424
parkinglot_parkinglot05.png,24.174403499321837,0.8018582221718208,25.511149932337656,0.8229914529411628
parkinglot_parkinglot06.png,24.572227754499295,0.8033429100037554,25.827600146183052,0.8258560716546471
parkinglot_parkinglot07.png,25.496447678831323,0.8120791397266163,26.84050588360651,0.8333821546328365
parkinglot_parkinglot08.png,23.924291279527303,0.8139236768935066,25.57038470269279,0.8350624548099919
parkinglot_parkinglot09.png,24.574856742333,0.8125203811959097,26.057383562663958,0.8351143207789747
parkinglot_parkinglot10.png,24.828917405756712,0.7959768297837146,26.2231322535552,0.818930038798921
parkinglot_parkinglot11.png,24.245947017061855,0.8128378623717228,25.762944134436854,0.8333107047798874
parkinglot_parkinglot12.png,24.885028668404033,0.768680890354703,26.386747799470193,0.7925554999850933
parkinglot_parkinglot13.png,23.727047922884616,0.813054063176382,25.27053970657226,0.8324773555146315
parkinglot_parkinglot14.png,24.129275030803075,0.7862951661718834,25.48731788067365,0.808406677981683
parkinglot_parkinglot15.png,24.663435296033796,0.8265315117255603,26.26766494700402,0.8490183298973152
parkinglot_parkinglot16.png,24.221817027374094,0.8126762992081414,25.65230943168015,0.8325414432112481
parkinglot_parkinglot17.png,26.554505493170705,0.881424580766883,27.958882406033286,0.8961976469179268
parkinglot_parkinglot18.png,27.044863879641234,0.8320437112319569,28.50042670171709,0.8503690515051285
parkinglot_parkinglot19.png,22.172074041944065,0.7216367048843878,23.51841440276971,0.7505363853506082
parkinglot_parkinglot20.png,18.46170955500551,0.6856366390272969,19.81696971638442,0.7100481821944555
parkinglot_parkinglot21.png,18.355831677428743,0.6934027108597068,19.676077726862502,0.71533491962022
parkinglot_parkinglot22.png,19.858188032347353,0.6481619995202541,21.129178971344924,0.6859376117109691
parkinglot_parkinglot23.png,18.176067186208,0.5788762535916719,19.45577616147171,0.6084383446547903
parkinglot_parkinglot24.png,18.343105973162437,0.6445668761182778,19.680019212796488,0.6820651772395984
parkinglot_parkinglot25.png,19.19008631829263,0.6597204300205188,20.531666336100805,0.6948578560060193
parkinglot_parkinglot26.png,18.60705274748098,0.6860385740313036,19.847505507838058,0.7127836100237066
parkinglot_parkinglot27.png,18.66678981825703,0.6857625887843312,19.9761600666903,0.7125387052963553
parkinglot_parkinglot28.png,16.83723495097822,0.641377643226236,18.217966750455766,0.6650093325560806
parkinglot_parkinglot29.png,19.402484749125687,0.6768170781480927,20.810270862295294,0.7016028552341873
parkinglot_parkinglot30.png,20.073881106854905,0.6908678787448436,21.500879291482722,0.716547868715427
parkinglot_parkinglot31.png,18.99077023121358,0.6911659160482454,20.396793761834555,0.7150861360841939
parkinglot_parkinglot32.png,20.731152971519716,0.6861352351098562,22.090786918366128,0.7175778685416838
parkinglot_parkinglot33.png,17.44408318345696,0.6347497242431003,18.74992814669501,0.6612651539685032
parkinglot_parkinglot34.png,22.394654974709624,0.652151548249188,23.73792142285902,0.684044035497035
parkinglot_parkinglot35.png,19.700954124163886,0.6067273062644966,21.271569898441363,0.6415992835020681
parkinglot_parkinglot36.png,18.204474836447456,0.667975330064861,19.687189078901454,0.7006885076853812
parkinglot_parkinglot37.png,18.354099244343967,0.6654398042601469,19.59148142931642,0.6994046607410117
parkinglot_parkinglot38.png,19.298184850813247,0.686785507693061,20.614785254338358,0.7050693534654109
parkinglot_parkinglot39.png,20.842287141707597,0.6638324536987881,22.163416345081963,0.6915466428333727
parkinglot_parkinglot40.png,19.916602775081742,0.6890115218331124,21.236651774014614,0.7126939366913285
parkinglot_parkinglot41.png,22.071841773249517,0.7218747608943324,23.391086551342994,0.7450809975558566
parkinglot_parkinglot42.png,19.24699457556931,0.6765118548205278,20.602500195098603,0.7005023684830296
parkinglot_parkinglot43.png,18.79153323572936,0.6547303922781068,20.14663989477263,0.6778341603444643
parkinglot_parkinglot44.png,20.526048202031784,0.6718197661321734,21.85357375742577,0.6961084058240167
parkinglot_parkinglot45.png,19.150935912794765,0.6746015064492465,20.635905675936893,0.702171793836181
parkinglot_parkinglot46.png,19.05947346858478,0.6559131850696697,20.50154260879569,0.6821240917661312
parkinglot_parkinglot47.png,21.873263211202307,0.7144567469921667,23.212995228389705,0.7406425868358968
parkinglot_parkinglot48.png,22.600421540370018,0.713637700504639,24.017415805496004,0.7434300472630432
parkinglot_parkinglot49.png,21.461825095359643,0.7045007278994594,22.843115539762877,0.7329893544207479
parkinglot_parkinglot50.png,21.139164155036067,0.670709712283252,22.74899185414491,0.7066182102887083
parkinglot_parkinglot51.png,20.324823225403193,0.6751475090784393,21.81140344949057,0.7028823506630513
parkinglot_parkinglot52.png,21.489588440907422,0.687253458897979,22.819967623534016,0.7194465950819563
parkinglot_parkinglot53.png,19.433899501393842,0.6694886215028132,20.787279995719437,0.6951021357919666
parkinglot_parkinglot54.png,21.170806283629208,0.7077884311216392,22.502906887556215,0.7363321040920635
parkinglot_parkinglot55.png,20.870746679828677,0.7026463163799623,22.21314107814215,0.7288612849810726
parkinglot_parkinglot56.png,20.166859132265884,0.6739835917535498,21.456392072418726,0.7023900879015824
parkinglot_parkinglot57.png,19.356935263559784,0.6662252798521408,20.675686526837982,0.6909756243239271
parkinglot_parkinglot58.png,19.81212824808114,0.5669507430077677,21.034329806965772,0.5937245999386036
parkinglot_parkinglot59.png,21.682281260520007,0.66310117753246,22.951061279226362,0.6923884647660624
parkinglot_parkinglot60.png,20.959208881021418,0.6548924502454349,22.169491456884117,0.6833803060081134
parkinglot_parkinglot61.png,21.452116715108783,0.6781816845716658,22.79713101347889,0.7074952756105297
parkinglot_parkinglot62.png,20.333508107769266,0.7117273370976354,21.702038302275458,0.7375148592226115
parkinglot_parkinglot63.png,20.356867364778704,0.7096547995753509,22.03870221803049,0.7364088696199093
parkinglot_parkinglot64.png,20.612888667974705,0.6822260311172775,21.832567329423554,0.7044907983855752
parkinglot_parkinglot65.png,22.141463470564492,0.6721750024062185,23.444264311212763,0.7058186716065191
parkinglot_parkinglot66.png,21.041356364631977,0.6828617507875645,22.40007258005602,0.7146030361607921
parkinglot_parkinglot67.png,20.329186032579003,0.692982307341988,21.650765410706736,0.7154765019068506
parkinglot_parkinglot68.png,18.75506708275591,0.6448823898823696,20.19697619121049,0.68755668211918
parkinglot_parkinglot69.png,22.137531029039344,0.6901539724500109,23.425275592730706,0.7493197703502749
parkinglot_parkinglot70.png,22.49974286527552,0.727681924633998,24.27660334704237,0.7610482674801036
parkinglot_parkinglot71.png,20.72401844136577,0.7271259886440365,22.071961537737458,0.773595179317458
parkinglot_parkinglot72.png,20.013573508302965,0.6995494959419967,21.067322092514893,0.7375882093175385
parkinglot_parkinglot73.png,20.18723600868033,0.6957291229956608,21.292515183327737,0.7372149313971148
parkinglot_parkinglot74.png,19.61709106642169,0.6856805825740282,20.938881783238163,0.7238484424251233
parkinglot_parkinglot75.png,20.609043022153266,0.6973764822496519,21.682542806603973,0.7248393046637495
parkinglot_parkinglot76.png,21.699671095509373,0.7038075999227931,23.01193154246328,0.7560540659239285
parkinglot_parkinglot77.png,20.492015062239744,0.738071968253676,22.039822394725007,0.7822270032972987
parkinglot_parkinglot78.png,19.383047479117973,0.7035705343352284,20.56463557070459,0.7166113204878118
parkinglot_parkinglot79.png,20.54480841203874,0.6916099171375634,22.00936344665475,0.7363229023010954
parkinglot_parkinglot80.png,20.365489028651517,0.7104052823030759,21.721937461013802,0.7454738510014385
parkinglot_parkinglot81.png,20.63813556393672,0.69331067307884,21.99715047419552,0.7369541485542304
parkinglot_parkinglot82.png,25.14991259953375,0.8311655222629817,26.305726418031384,0.8355918943704137
parkinglot_parkinglot83.png,24.04056370546462,0.8105079383146315,24.913775160773262,0.8092312046251697
parkinglot_parkinglot84.png,19.221630415984368,0.697749265136047,20.36019025911194,0.7478416117446594
parkinglot_parkinglot85.png,19.169177776658856,0.6725018736226426,20.2266104255969,0.7270330599191748
parkinglot_parkinglot86.png,19.731775584373082,0.6997772800754799,21.052326974923435,0.7547487211249945
parkinglot_parkinglot87.png,23.09295480634253,0.7156527550965505,24.230393053897608,0.7593851125040358
parkinglot_parkinglot88.png,19.272854194911424,0.6363720236531002,20.781527845455074,0.6691438122864884
parkinglot_parkinglot89.png,19.31805810725595,0.6750724877811168,20.740251451797334,0.694638128467815
parkinglot_parkinglot90.png,18.859368751151074,0.6669954751286546,20.259489288077916,0.6875814839996762
parkinglot_parkinglot91.png,19.78547698293903,0.6390057005219683,21.292070943323655,0.6566450679223287
parkinglot_parkinglot92.png,19.610432985386172,0.670748804747397,21.12630190904038,0.6932654936135068
parkinglot_parkinglot93.png,19.621784784394784,0.6497178398017864,21.124820687284767,0.6729837058029684
parkinglot_parkinglot94.png,19.497226705525637,0.6373274418933979,21.02847457312075,0.6620605542574595
parkinglot_parkinglot95.png,20.02391916481593,0.6351286389428017,21.534259845613697,0.6627842891470316
parkinglot_parkinglot96.png,19.880620674062737,0.6074273288379418,21.394940831794457,0.6332842107064173
parkinglot_parkinglot97.png,22.528001968871607,0.7934375791174973,23.576782930749147,0.8022499820814407
parkinglot_parkinglot98.png,15.29356806090963,0.4556944777018434,16.496527288187256,0.4803544295871949
parkinglot_parkinglot99.png,22.726589544183962,0.766796143111736,24.345549036216152,0.7851391720173121
river_river00.png,25.77580566859809,0.6050559621662638,27.17483858598914,0.639925281235909
river_river01.png,24.27042441231292,0.5960861509299796,25.613044581839834,0.628221477953706
river_river02.png,23.974459314833343,0.5642467501272681,25.334101754852103,0.5965753794425253
river_river03.png,23.693788405067856,0.6104933471360456,25.037170795229752,0.6433487688277485
river_river04.png,24.073476600398514,0.5745924437929442,25.459611559961296,0.608485395111088
river_river05.png,29.392413855370624,0.7094897986962837,31.043306226944082,0.7487841513465489
river_river06.png,29.318987007891675,0.6606257310337721,30.981456644673617,0.7148034003700807
river_river07.png,28.35723221489635,0.6696846752807287,29.879177315280625,0.7103169768119839
river_river08.png,31.114683047254466,0.7400355873592682,32.70035180612364,0.7806823387345385
river_river09.png,30.136301848904637,0.7271850090555901,31.683327559845395,0.7667130828980357
river_river10.png,26.90164755541771,0.7086961401550752,28.48485079682782,0.7516286504785505
river_river11.png,22.54516280000334,0.575429173020075,24.328208700324826,0.6210817953048265
river_river12.png,24.2304668022529,0.6982229238672232,25.699177294354485,0.7361183744981183
river_river13.png,22.71087417821718,0.6305556866200754,24.180509823894223,0.6668980896919363
river_river14.png,24.372561334861558,0.6957194320623175,25.829466928535997,0.7285014152384787
river_river15.png,25.74945743331929,0.7062468875865546,27.34277997861556,0.7453633136483977
river_river16.png,24.100588427384103,0.6723007323621065,25.711472875631024,0.7135409931062906
river_river17.png,25.79948880593911,0.6891014099989295,27.358619786949227,0.7290563991710814
river_river18.png,25.053748510070164,0.6221149069845556,26.570988233725494,0.6695045420674045
river_river19.png,28.871567723409456,0.7239555862095267,30.44486626199426,0.7701222936016822
river_river20.png,29.339062739852316,0.7187813961806322,30.96910159608212,0.7616639529062076
river_river21.png,28.254082009406062,0.7346460545014178,29.835609337944486,0.7752187080634533
river_river22.png,25.674698582517923,0.6249278707244511,27.236211400631184,0.6752977973043809
river_river23.png,24.899964557262642,0.5880953292583438,26.39729345652529,0.6366926813292756
river_river24.png,25.47536920661784,0.6408517075960108,26.97228751798704,0.684957142594044
river_river25.png,24.8835546443755,0.6238313130025546,26.336305680226477,0.6668794858615525
river_river26.png,26.0137774631519,0.6287966988641879,27.52467939212408,0.6734378285442509
river_river27.png,27.484068253720633,0.6538625359880627,29.034579680018467,0.6978188301991223
river_river28.png,28.761035563658375,0.7266783739309547,30.33935319728496,0.7662789418368501
river_river29.png,26.552941543069338,0.5669657858424818,27.909799078616846,0.6043275534505587
river_river30.png,26.13229392738176,0.5564937472273411,27.448039195027597,0.5926405485393155
river_river31.png,25.691099939980973,0.547732517719756,27.070700299939887,0.5886910487508703
river_river32.png,25.959516115059024,0.5479833986872522,27.32171316894716,0.5852936607247036
river_river33.png,24.012996036800324,0.5212217380305842,25.37311297182637,0.5503595373114557
river_river34.png,27.180394660820035,0.767468063283823,28.43213793470266,0.785219734677938
river_river35.png,26.807589981840625,0.7360430534950922,27.906515336861823,0.7443111289400771
river_river36.png,27.575524037482985,0.769021707294966,28.56174688207861,0.7792022454799753
river_river37.png,27.18664457359332,0.7670562931409215,28.192319782824665,0.7747575977687826
river_river38.png,26.256405462608573,0.7480152339676575,27.27156404182891,0.7540376386516929
river_river39.png,27.058961744098234,0.7504989434418746,28.043542819187785,0.7602059857078685
river_river40.png,26.119186562185526,0.7210903866397036,27.197772523829936,0.7442348133927208
river_river41.png,27.537200623519624,0.7594263179165667,28.646384672354635,0.7851179699039011
river_river42.png,27.602351498073926,0.74683662522126,28.74454095630826,0.7680762997488854
river_river43.png,27.906014451205053,0.7572576587899552,28.928084344881107,0.7751733377226676
river_river44.png,27.11259496554739,0.7586146286204776,28.10552394542864,0.7677605078538238
river_river45.png,27.14601553308831,0.7286455128378796,28.18209950979486,0.7498292398704991
river_river46.png,26.62000818476892,0.7305951318560662,27.72243943944852,0.7489968852731095
river_river47.png,30.048849641416066,0.8095800651278396,31.39316096487974,0.847457725522571
river_river48.png,30.43162272446626,0.8163402690477909,31.86195667786748,0.8513173979539105
river_river49.png,28.808864625373314,0.7941604430676246,30.11408473492946,0.8222999986338817
river_river50.png,30.03983433636545,0.7942432888541374,31.43927235159147,0.833911406867745
river_river51.png,28.393754420634924,0.7872787127880693,29.79460724490124,0.8245220188699431
river_river52.png,30.07994358515676,0.8054125886784985,31.430006899492664,0.839248960550625
river_river53.png,19.989648877330207,0.3735368549217943,21.26259390841883,0.40189977398781207
river_river54.png,19.999244016915533,0.3563636607159766,21.283491028352884,0.3757798333296745
river_river55.png,21.482554646541715,0.4461365299980354,22.82721990814336,0.48163648778081186
river_river56.png,20.152375743076366,0.508029352392383,21.49307128889872,0.5387423135599991
river_river57.png,21.115500918473703,0.58469331624179,22.60058613546162,0.6146677850710928
river_river58.png,21.265281347514215,0.552761059855497,22.570879199466575,0.5804832193658982
river_river59.png,21.355671356172937,0.5031691873848008,22.637326708994692,0.5306902845455719
river_river60.png,21.315696616936357,0.5026360397060304,22.694355312629916,0.5340124086346055
river_river61.png,21.140935866138392,0.5116181428808334,22.476061426404037,0.5426586435475176
river_river62.png,20.469166730037433,0.49071092894549784,21.776319707266953,0.5204997442418078
river_river63.png,21.457685320334797,0.5464006558171643,22.728692542803145,0.5830902311649374
river_river64.png,21.30647960711281,0.5912376980793922,22.672355953735753,0.622695517562167
river_river65.png,22.20432508293473,0.6114243770854672,23.57659289705968,0.6455008026073558
river_river66.png,20.592950035518193,0.468380160430275,21.834852366616644,0.49457158369067034
river_river67.png,20.62731160208135,0.48463132606997467,21.89519294178309,0.5135607950701722
river_river68.png,33.49383700327819,0.826409703713879,34.982511359347896,0.8539066033378626
river_river69.png,31.071259264505017,0.7954482189179314,32.49522573261562,0.8195209991540979
river_river70.png,29.443369411401928,0.7806564806525453,30.952407727433698,0.8050466124163491
river_river71.png,31.645748326900787,0.8215695387203845,33.041105501370005,0.8436940948267945
river_river72.png,33.28936261321647,0.818384657271204,34.746948741561226,0.8481002091397685
river_river73.png,31.526167478242503,0.8224769816805008,33.00948732498537,0.8427184659944172
river_river74.png,34.793018620662515,0.838223581122037,36.2712169593718,0.8658520756492323
river_river75.png,34.03638517933486,0.8576834709939013,35.446676290744286,0.8822898195727263
river_river76.png,33.849021650646776,0.8707584270797112,35.281733921135725,0.8928281139923798
river_river77.png,26.59094008445335,0.7173958497671572,28.011881759635436,0.7429195524069078
river_river78.png,26.421332224721404,0.7210266954907641,27.879062809920864,0.7453606725761378
river_river79.png,27.273896831114573,0.6906896155560593,28.781409702813594,0.7171517428093418
river_river80.png,28.368762987812254,0.7418027929960992,29.907267083873514,0.7686882995043949
river_river81.png,27.33573547680831,0.7158388938703665,28.88210098262565,0.7440467737613031
river_river82.png,28.40859705360193,0.7546207155745376,29.737611846743704,0.7793810110384385
river_river83.png,30.396034705918492,0.7966665561555831,31.753137368255867,0.819603146160764
river_river84.png,31.66879545133458,0.8931660852384814,33.68248924185903,0.9173056193568748
river_river85.png,31.874029921003167,0.8975382632496506,33.82505818472936,0.919788010379445
river_river86.png,28.80244125883586,0.7625954950575494,30.252576679882,0.7899778079654608
river_river87.png,29.50092601517888,0.771403162663189,31.071856803143568,0.7996510674308623
river_river88.png,29.455813016578777,0.7518246133352947,30.881031972205033,0.7804637079494011
river_river89.png,29.749445415142738,0.7457711731143347,31.170062008337077,0.7762259568211748
river_river90.png,29.192122387322573,0.7446878969372749,30.591407499207648,0.7745134301956647
river_river91.png,28.987579160438838,0.7444912118485897,30.45098211000308,0.775278379315726
river_river92.png,28.833153678378437,0.7673769927067268,30.24734299051368,0.7939957481065333
river_river93.png,26.498141317422103,0.6898024956882051,27.820722398901164,0.7198526491970987
river_river94.png,24.185215509545248,0.5766452232856812,25.46282008060674,0.6038581770749787
river_river95.png,28.703771380463714,0.732639373044599,30.1158063752985,0.7631981456021995
river_river96.png,24.859915827977325,0.7984064113006534,26.16747984666174,0.8172979353003641
river_river97.png,26.722269788621364,0.8341006577893634,28.18082929027068,0.853750077641571
river_river98.png,30.783477971643265,0.877442182898153,32.52102682923027,0.8995611636928947
river_river99.png,30.66456351657702,0.8660162035634298,32.424584258070254,0.8891118861276329
runway_runway00.png,30.674511387392567,0.779145626567738,32.22046534694658,0.8093973112459244
runway_runway01.png,29.682081959498312,0.8876552751529755,31.298212149477664,0.9040428059441269
runway_runway02.png,31.421568462311598,0.8040900395717402,33.1081341400221,0.8310415938145898
runway_runway03.png,31.504890476489138,0.7831707114518475,33.22411220418158,0.8147912756446793
runway_runway04.png,31.261244498743178,0.8188624576455849,33.064887544161,0.8478413940903476
runway_runway05.png,31.449186569030033,0.7685522411825957,33.0844151977231,0.8030341867974895
runway_runway06.png,30.616663212613993,0.7823053458087016,32.25534700453424,0.8137284950477698
runway_runway07.png,30.83684139657903,0.782625303899013,32.520213855251164,0.8154925291470155
runway_runway08.png,30.668316061924354,0.7695598717378537,32.34715041937447,0.801242454733916
runway_runway09.png,30.53832186217403,0.779576310409369,32.2869187803501,0.8115450287353785
runway_runway10.png,30.72642975599587,0.7811481883262171,32.37923203368958,0.8136016446930029
runway_runway11.png,31.252637254783544,0.7982303919949088,33.175667509527834,0.8300456520487703
runway_runway12.png,31.198970967050986,0.788102283904511,33.0659301491868,0.820725554798662
runway_runway13.png,31.618434902509065,0.8086669953439003,33.4770447398565,0.8403200525199449
runway_runway14.png,30.847725766967706,0.8043475231957652,32.70167253899082,0.8361345583133056
runway_runway15.png,31.38984494048988,0.800898907505299,33.34782650886893,0.832469806712155
runway_runway16.png,31.475783548418125,0.8147583172095189,33.197859166251334,0.8452807170507872
runway_runway17.png,31.424369114573693,0.8077906408426236,33.24241833758351,0.8372598052669732
runway_runway18.png,29.106775373549254,0.8409016811015398,30.831011836109106,0.8631358608239974
runway_runway19.png,30.741889021611737,0.7866755148041124,32.42535105209299,0.8188657262950949
runway_runway20.png,26.42555757198767,0.7515511128680857,27.982651529046997,0.7794221003263981
runway_runway21.png,27.287491712535264,0.7712816077594459,28.672036485810118,0.803645947364567
runway_runway22.png,21.86692449140462,0.7922760507754427,23.09588654859208,0.8170396729957836
runway_runway23.png,22.159058698790975,0.7228176233651595,23.395728840235137,0.7570033711882163
runway_runway24.png,25.22108044066776,0.7889976781747788,26.52013320396842,0.8169856596422
runway_runway25.png,27.568069101581827,0.7774408789150945,29.10890024328884,0.8143955638113555
runway_runway26.png,26.657885773996597,0.7605162652036525,28.157272664475425,0.7943459546577426
runway_runway27.png,26.32580706129773,0.7640412248720588,27.746874196544482,0.7977697925112748
runway_runway28.png,27.13095691890455,0.8100313183482567,28.52385290288321,0.8402553436110722
runway_runway29.png,29.188352829572807,0.8243055272069189,30.724011864107347,0.856360469074983
runway_runway30.png,24.459547421771347,0.7876490040765813,25.810601274909246,0.8182192382822414
runway_runway31.png,24.026360194485648,0.7685008594938233,25.25132298662655,0.7986048446917936
runway_runway32.png,23.724412210221576,0.7541851914710306,25.051307621827306,0.791276426557431
runway_runway33.png,26.078334342967864,0.7314208157229172,27.643933274391035,0.7722767370572978
runway_runway34.png,26.43632714308673,0.7522010134724283,27.869779060698963,0.7911822915543678
runway_runway35.png,25.981530661593442,0.7336301240923877,27.482108841969392,0.7739521752484791
runway_runway36.png,26.60523278364161,0.7642979074920353,28.46481605706339,0.7991335746654261
runway_runway37.png,23.00539730745447,0.713338982845606,24.294851746244703,0.7502382654019635
runway_runway38.png,26.655043386178168,0.7512205846629842,28.05910990677458,0.7818254000411674
runway_runway39.png,28.23984723890905,0.7809734517384035,29.667752166091187,0.8134318179110569
runway_runway40.png,26.0083001637326,0.7380719262890815,27.45021982258772,0.7781258016953664
runway_runway41.png,26.059902612387653,0.7527772807086518,27.47043648633369,0.7883851769732377
runway_runway42.png,24.83989771968854,0.7375341873992056,26.118219965274918,0.7698696276516188
runway_runway43.png,25.42611418430099,0.7432904481651708,26.676618024073914,0.7711610098665096
runway_runway44.png,25.036419475881786,0.7518612045481888,26.30047515368233,0.7784446857732188
runway_runway45.png,27.425266992381662,0.7562834791602766,28.921292994406915,0.793478352797754
runway_runway46.png,27.303125163474338,0.7639860104531969,28.735629750178028,0.7968984750721884
runway_runway47.png,27.87710837067288,0.7915778781825104,29.25544729800525,0.8242096383961103
runway_runway48.png,27.750815785699178,0.8010939471808581,29.06757269017359,0.8291406492238612
runway_runway49.png,29.665796106315973,0.8186360986759617,31.13919462572256,0.8445158061958682
runway_runway50.png,22.320760156939407,0.7744662906032538,23.65161240366092,0.8040319209655865
runway_runway51.png,27.17776258635775,0.6856822477811974,29.826554562006958,0.7743182082851917
runway_runway52.png,27.601332614189737,0.6898434784320863,30.26986962994885,0.7798078692628603
runway_runway53.png,25.489675683103933,0.6001836156351725,27.84096552254486,0.7116535992524213
runway_runway54.png,22.889511232344503,0.7253197943943945,24.37422574327033,0.7987378475151423
runway_runway55.png,24.286973955822088,0.7330911020662231,25.9448661073416,0.8069630447809828
runway_runway56.png,27.207812493540587,0.6909747008281747,29.669603506123256,0.7912507704547728
runway_runway57.png,25.121039793889945,0.6404490417641991,27.16882987634165,0.7390526697253651
runway_runway58.png,26.789571112029265,0.671239449477293,29.363957903501564,0.7723223428168713
runway_runway59.png,26.283949794007345,0.6703611960009613,28.388582680023966,0.7539358376599159
runway_runway60.png,23.819625700124718,0.6469617528293058,25.927953525026197,0.7473493193390051
runway_runway61.png,26.505015858643276,0.7405880222763472,27.921559053966647,0.7695063034752792
runway_runway62.png,24.607480143885958,0.6663823941429742,26.512638850159796,0.7339315679665505
runway_runway63.png,26.26519751673198,0.607156356347768,28.743498421457623,0.7175671720062017
runway_runway64.png,26.44956702033339,0.6252962624821846,28.530384346763004,0.7579536444284923
runway_runway65.png,30.781972831194153,0.8298799589674205,32.18443915855557,0.8561360385905702
runway_runway66.png,26.699740027186873,0.7000810980388289,28.056446380441393,0.7329390254450983
runway_runway67.png,24.662502398540894,0.6224510780054296,26.091315587390312,0.6527001914313293
runway_runway68.png,24.356548325198982,0.6084073053288387,25.688067405237494,0.637971967538807
runway_runway69.png,29.124122266226923,0.7636604950346061,30.742754752904226,0.7977164033861893
runway_runway70.png,28.86239310811662,0.7943034580962373,30.426370162013473,0.8212953027709746
runway_runway71.png,29.89292907442685,0.8060274024048523,31.30718568794069,0.8360433470354486
runway_runway72.png,29.046212773081113,0.8140053688197276,30.384002458806325,0.8389274941684922
runway_runway73.png,28.87529906128053,0.7618110816229012,30.22461810007904,0.7938956696706284
runway_runway74.png,27.26441804859425,0.7669181225071532,28.520473839079198,0.7958460222088102
runway_runway75.png,29.531225185606583,0.8050316638164158,30.94497428089662,0.8390307247556283
runway_runway76.png,28.437948379692642,0.7879947950854923,29.757849602830294,0.8197197648165419
runway_runway77.png,29.114431054086374,0.8017578809829584,30.464687321582005,0.8340873594083903
runway_runway78.png,29.119323048386498,0.8294176319282389,30.6056112738923,0.8582014437446702
runway_runway79.png,26.627466188223604,0.7120855498448666,27.967964987797632,0.7381152542954607
runway_runway80.png,26.899931193670497,0.7054397224811813,28.273679386689086,0.7292754602695688
runway_runway81.png,26.916306835934108,0.7017524046304779,28.28714278597955,0.7314955288628722
runway_runway82.png,28.638384029837187,0.7728564586808541,30.066158239091656,0.8025822774793737
runway_runway83.png,28.171927292632,0.7737830873921965,29.67992912842254,0.8005502143745051
runway_runway84.png,24.502579178593468,0.6438697432276067,25.777018680264796,0.6676221509938166
runway_runway85.png,24.60977116431055,0.5750106228895872,25.99844021726436,0.6089914354872619
runway_runway86.png,24.331373483893724,0.5968655157497251,25.6542065490423,0.6284902992744449
runway_runway87.png,25.70406446950407,0.6466678202759185,27.085319010425934,0.6816527682007627
runway_runway88.png,27.83937176101791,0.7471579339419696,29.219852580854784,0.7763448946268482
runway_runway89.png,28.19786130979429,0.7702051430796049,29.66406893854763,0.801201712921969
runway_runway90.png,27.193921175778858,0.6870210067982822,28.524263391316783,0.7210125870023292
runway_runway91.png,29.04369789123138,0.758587148435983,30.498978756350255,0.7898984886869812
runway_runway92.png,31.797005286216272,0.7865604402200472,34.2388026859918,0.8505618782958739
runway_runway93.png,31.521336421328915,0.7497823999804155,33.83637573161856,0.82594530742096
runway_runway94.png,30.954127184894592,0.7513410855983326,32.982709245338256,0.8250261306040039
runway_runway95.png,30.86432332628732,0.7571557617236532,32.9061369313166,0.8254899409357868
runway_runway96.png,31.247316742393263,0.756456908119674,33.481821033332785,0.8274499557876294
runway_runway97.png,31.271281639476808,0.7531569825166539,33.42254416472879,0.822600079740045
runway_runway98.png,31.379980279472637,0.7347324479901595,33.75916896092642,0.8125793973344798
runway_runway99.png,30.268531409357667,0.7404976990153059,32.50571263513961,0.8123514866223204
sparseresidential_sparseresidential00.png,23.20288280803578,0.6522046575152901,24.546754526226167,0.6876380483638741
sparseresidential_sparseresidential01.png,25.77177262838264,0.667447900993405,27.297408909750228,0.7074008394170751
sparseresidential_sparseresidential02.png,26.705733405209983,0.6272088234271567,28.098381095336382,0.6690901044796876
sparseresidential_sparseresidential03.png,26.427318638559477,0.6457146925877723,27.888222207829255,0.6861575748953347
sparseresidential_sparseresidential04.png,25.147612759997905,0.6260757441744537,26.604656811071514,0.6646628288082245
sparseresidential_sparseresidential05.png,25.527717227262322,0.6687742702579302,26.88428458247978,0.703493488235595
sparseresidential_sparseresidential06.png,23.88252049231606,0.5977630105508005,25.28329000060375,0.6288956212790491
sparseresidential_sparseresidential07.png,23.26921756304852,0.5812318545877067,24.58574268588103,0.6154276527053807
sparseresidential_sparseresidential08.png,24.2822662250365,0.6380951942756614,25.691782712893204,0.6762705384466716
sparseresidential_sparseresidential09.png,22.750149016676247,0.5588220660212607,24.052127044902846,0.5894940681170182
sparseresidential_sparseresidential10.png,25.593598505346073,0.6709376311435067,26.999041017051017,0.7048757892402989
sparseresidential_sparseresidential11.png,22.707595099020658,0.6264909263064408,24.1317134723748,0.6577282747753241
sparseresidential_sparseresidential12.png,22.66284521711682,0.6108104973826561,24.06669905086552,0.6372902686874284
sparseresidential_sparseresidential13.png,23.213864419085716,0.6616745426561407,24.729518917148184,0.6874150435008203
sparseresidential_sparseresidential14.png,23.086894215043166,0.6901856410923152,24.521274038909077,0.7128491418330271
sparseresidential_sparseresidential15.png,23.975317623230232,0.6567613249177633,25.403432783355726,0.6832628070434738
sparseresidential_sparseresidential16.png,25.717416915559816,0.650328716368372,27.082981766795395,0.6780980300101827
sparseresidential_sparseresidential17.png,26.463001596377023,0.6130178266757946,27.77398508745865,0.6430202199956816
sparseresidential_sparseresidential18.png,25.98540779086513,0.6494648811940756,27.292000125083142,0.6777417868344165
sparseresidential_sparseresidential19.png,24.88686175003229,0.5769759075813394,26.212253806083147,0.6047090491577892
sparseresidential_sparseresidential20.png,25.636801847418447,0.5894814809505066,27.0191813713498,0.6171437118752698
sparseresidential_sparseresidential21.png,25.69704312449007,0.6110219511120526,27.031113334726342,0.6399864871124924
sparseresidential_sparseresidential22.png,24.783558744817185,0.6154350461869472,26.09118755385318,0.6424701394168834
sparseresidential_sparseresidential23.png,24.75855543646294,0.5758984436069551,26.080739063935795,0.6068725339327287
sparseresidential_sparseresidential24.png,24.41923717845302,0.5713811731023796,25.76189427809069,0.6007017116522065
sparseresidential_sparseresidential25.png,25.74013550741135,0.6687663622942002,27.08592794350055,0.6966017842195971
sparseresidential_sparseresidential26.png,25.771766982492515,0.6181532056242117,27.119866411278576,0.643995979438777
sparseresidential_sparseresidential27.png,25.27171801444141,0.59319600869466,26.615876813584745,0.6175469782012466
sparseresidential_sparseresidential28.png,26.041877985462378,0.6435689908922956,27.392478539220324,0.6726662259566849
sparseresidential_sparseresidential29.png,24.654693605355096,0.5329363528267531,26.002147571578035,0.560407392907337
sparseresidential_sparseresidential30.png,24.166664540153025,0.5457991427616449,25.447136459922906,0.5723838553522294
sparseresidential_sparseresidential31.png,24.19122889900478,0.5619991837976058,25.53783489612689,0.588551218321446
sparseresidential_sparseresidential32.png,24.989756483234288,0.5888068233339542,26.32206266087966,0.6152280513267699
sparseresidential_sparseresidential33.png,26.386837566759908,0.6193353838410651,27.78686377209759,0.6489396808238967
sparseresidential_sparseresidential34.png,25.245850099252472,0.6019571714801112,26.600502752893618,0.6321250501633225
sparseresidential_sparseresidential35.png,25.207412369529845,0.6343497619364856,26.524411052607817,0.6637274746635606
sparseresidential_sparseresidential36.png,24.383261710032464,0.5382338573240014,25.64016167860085,0.5715666292282386
sparseresidential_sparseresidential37.png,22.147276331756437,0.5148213118558331,23.452315421550715,0.5413520912987136
sparseresidential_sparseresidential38.png,25.879296649904422,0.6167445729230372,27.25390483446852,0.6425066625469094
sparseresidential_sparseresidential39.png,25.1289638282495,0.5970829255866535,26.50954788716983,0.6215590651638232
sparseresidential_sparseresidential40.png,25.180996565643873,0.5833499822831819,26.502608533704763,0.6098354612216195
sparseresidential_sparseresidential41.png,26.425171855896593,0.6498334625039676,27.816081859181715,0.6781643690771265
sparseresidential_sparseresidential42.png,26.152980401341722,0.6262554337968632,27.563564140434366,0.6555087656622177
sparseresidential_sparseresidential43.png,25.81208878249995,0.6164576192348648,27.13578207091107,0.6522843902787256
sparseresidential_sparseresidential44.png,31.665983765519545,0.8798172328431176,33.80934027657051,0.9159478134491225
sparseresidential_sparseresidential45.png,33.795102476526054,0.8837394615290223,36.02469535371125,0.9230207722355149
sparseresidential_sparseresidential46.png,32.74429006772602,0.8710216032168367,34.82197169876414,0.9054883327061541
sparseresidential_sparseresidential47.png,33.420340752120545,0.8791370697386919,35.53725697822089,0.9145676945606559
sparseresidential_sparseresidential48.png,33.23313236034232,0.8733258947896744,35.281063432307846,0.8989504845541141
sparseresidential_sparseresidential49.png,32.21721385470862,0.860248414106834,33.99475516645166,0.8852622766366117
sparseresidential_sparseresidential50.png,33.99012685776253,0.8624310155103094,36.36924143265929,0.8990547996624418
sparseresidential_sparseresidential51.png,32.89566370721286,0.8654473893596415,35.04307248478723,0.9008335774708722
sparseresidential_sparseresidential52.png,33.610753035245025,0.8860191950658685,35.52321550723206,0.9144141537364656
sparseresidential_sparseresidential53.png,32.45150540425482,0.8722596766072709,34.19096796307723,0.8971241249298931
sparseresidential_sparseresidential54.png,32.70249250208114,0.8800755691941875,34.848298016912,0.9108245079086441
sparseresidential_sparseresidential55.png,33.3352535844245,0.8866071949232666,35.33881015712298,0.9130553056227754
sparseresidential_sparseresidential56.png,31.355474230901027,0.8382788773089777,32.93569150395794,0.859835529360605
sparseresidential_sparseresidential57.png,31.867067510622075,0.8556106935610416,33.768365559530615,0.8827502848172255
sparseresidential_sparseresidential58.png,33.63077877413743,0.8720616736710087,35.67520914860592,0.906371407735863
sparseresidential_sparseresidential59.png,34.29241409203434,0.8797528508183071,36.58153969680265,0.9203932133115541
sparseresidential_sparseresidential60.png,34.052218460813435,0.8729255421047629,36.406528191861106,0.9108914279425065
sparseresidential_sparseresidential61.png,23.765129713498435,0.6810216632952905,24.5696349476561,0.674559580654267
sparseresidential_sparseresidential62.png,27.047552243182842,0.7440716076234354,28.11224682975331,0.756593557484839
sparseresidential_sparseresidential63.png,25.300020502951085,0.7397197073936783,26.170703062933207,0.7452369239880019
sparseresidential_sparseresidential64.png,25.524595867517775,0.739375974561954,26.60062785299448,0.7495896609558703
sparseresidential_sparseresidential65.png,25.226783946107627,0.7437993747004592,26.209972304499605,0.7514721551797171
sparseresidential_sparseresidential66.png,25.367397495186434,0.7303639996694417,26.438169535359542,0.7387287918036263
sparseresidential_sparseresidential67.png,23.799283291832385,0.7176594221534188,24.822384057961997,0.724726365668961
sparseresidential_sparseresidential68.png,25.026190325458522,0.7191636176174594,26.052746050936044,0.7202077293412642
sparseresidential_sparseresidential69.png,26.693386824025822,0.7437202963276847,27.665644637566665,0.752953209601426
sparseresidential_sparseresidential70.png,25.88154761935012,0.7447088867998576,26.81623269375943,0.7653655625636386
sparseresidential_sparseresidential71.png,23.83930429332858,0.7294835544823028,24.665905090014483,0.7318653834195715
sparseresidential_sparseresidential72.png,24.75631672130486,0.7419526732822034,25.703286490333923,0.7569470023736814
sparseresidential_sparseresidential73.png,30.78153155782097,0.8429760981503449,32.19217492765636,0.8627648768965683
sparseresidential_sparseresidential74.png,28.973754453845135,0.8119291155709378,30.379954259130763,0.8341373957961139
sparseresidential_sparseresidential75.png,32.435011342427934,0.8621214427931946,34.01598398287956,0.8829643127657533
sparseresidential_sparseresidential76.png,30.537385237912456,0.8594642246276255,32.136869192501855,0.8797556399257835
sparseresidential_sparseresidential77.png,33.62826208057419,0.8908483320154758,35.11734842436936,0.9093183445294672
sparseresidential_sparseresidential78.png,28.5956389709968,0.7942635802050755,30.174718059082835,0.8162183205697215
sparseresidential_sparseresidential79.png,24.91111589640839,0.7716613406300761,26.4355186768781,0.7930942647189848
sparseresidential_sparseresidential80.png,27.73965791964261,0.8495370970949452,29.325320177023602,0.865390214802731
sparseresidential_sparseresidential81.png,28.54294697818893,0.8378145803989133,30.162987970122646,0.861330560545112
sparseresidential_sparseresidential82.png,29.33481695378603,0.7941248409814077,30.981689429143305,0.828481771018012
sparseresidential_sparseresidential83.png,27.365108644612892,0.8147547138280243,28.826476284868935,0.8409805764542437
sparseresidential_sparseresidential84.png,28.482028793645874,0.8409136926239258,29.974516104987735,0.8639754194250903
sparseresidential_sparseresidential85.png,24.357747046561965,0.6490534628787703,25.704143365310816,0.6758041303661533
sparseresidential_sparseresidential86.png,23.086458661032594,0.6613796866344265,24.481522791099415,0.6774172687043434
sparseresidential_sparseresidential87.png,23.07851737743036,0.6616593480098585,24.475932890693013,0.6811357179235283
sparseresidential_sparseresidential88.png,24.680870230424283,0.6816808701048608,26.01077254287788,0.7031959818675755
sparseresidential_sparseresidential89.png,23.49060752270865,0.6628005586349958,24.85953761863923,0.6817258260789365
sparseresidential_sparseresidential90.png,23.45260813375804,0.7146940449949639,24.862467347564206,0.7272679744895336
sparseresidential_sparseresidential91.png,23.762816098670015,0.7069437187550931,25.25811681147188,0.7226335237240245
sparseresidential_sparseresidential92.png,23.533811617670555,0.6905306198205908,24.770875705737406,0.713397827105666
sparseresidential_sparseresidential93.png,22.854911076313815,0.6693427168131006,24.184034336687162,0.6881534011830017
sparseresidential_sparseresidential94.png,23.707107973992766,0.6439760485726708,25.1600420838402,0.6666493742669465
sparseresidential_sparseresidential95.png,28.954987765615567,0.8456558127207529,30.537510964095567,0.8675475183476443
sparseresidential_sparseresidential96.png,30.03749476930011,0.8465638335636312,31.78738176353079,0.8721479292545791
sparseresidential_sparseresidential97.png,24.50908976192401,0.5979792039297154,25.83769081682184,0.6280841457059455
sparseresidential_sparseresidential98.png,27.91696760979168,0.6957409286086133,29.1639970174521,0.7317883434022471
sparseresidential_sparseresidential99.png,27.51734556575152,0.726698976874213,28.721084381312068,0.7559675442927285
storagetanks_storagetanks00.png,26.95426413430727,0.7510813480136025,28.125663950324736,0.7659744917952399
storagetanks_storagetanks01.png,26.974925485080938,0.8074277690569837,28.178205727345645,0.8225366087730288
storagetanks_storagetanks02.png,26.23599551265925,0.7855424040366197,27.423754042115057,0.8037523082276753
storagetanks_storagetanks03.png,20.79819421011181,0.6722195154935845,22.035438333753383,0.6956401663220929
storagetanks_storagetanks04.png,20.426022358774922,0.675251983044975,21.846732381224413,0.6993931285820801
storagetanks_storagetanks05.png,17.981978335561436,0.5913049054454418,19.253567799293382,0.6070054221831255
storagetanks_storagetanks06.png,21.837342396085532,0.6478108157215601,23.249113941525046,0.6686008865010622
storagetanks_storagetanks07.png,20.942645971869524,0.6609749875148093,22.286305459339843,0.687060475674427
storagetanks_storagetanks08.png,28.26944354325342,0.8472110018726764,29.31009367176291,0.8571089724077038
storagetanks_storagetanks09.png,28.287418209492902,0.8539170052193567,29.24143171255305,0.8618283504445847
storagetanks_storagetanks10.png,28.45128855806667,0.8594446136156444,29.66745139786452,0.8662519371641598
storagetanks_storagetanks11.png,28.71965661414371,0.8675852939895368,29.93250432319938,0.8798342320088336
storagetanks_storagetanks12.png,30.3660095452042,0.8768716166713283,31.700820881149593,0.8896549249264254
storagetanks_storagetanks13.png,30.554977170856578,0.8709397375583187,31.87603926009489,0.8852504427930481
storagetanks_storagetanks14.png,27.789108302496203,0.8395992942782161,28.905836561600708,0.8634174994220641
storagetanks_storagetanks15.png,28.2629997312431,0.8349475565851533,29.4484991410447,0.8460114401671347
storagetanks_storagetanks16.png,27.309836837665415,0.8210819347089006,28.45939829668771,0.8308455334368495
storagetanks_storagetanks17.png,26.881113408034125,0.8202429249068562,27.86098358298943,0.8319060297342296
storagetanks_storagetanks18.png,26.101496671566437,0.820088020899297,27.059438784619513,0.8254458568755547
storagetanks_storagetanks19.png,26.758647744480953,0.832774214274243,27.699301635180483,0.8371157032087456
storagetanks_storagetanks20.png,22.890411301747644,0.654898743016254,24.192888379807854,0.6851624618055454
storagetanks_storagetanks21.png,24.36816740224906,0.6120838153000349,25.61724404800615,0.6412270864880482
storagetanks_storagetanks22.png,24.444711855318644,0.6335067187752709,25.72650520763532,0.6664551325624143
storagetanks_storagetanks23.png,25.490806141825235,0.6730984420179804,26.830535770882715,0.7053358132369925
storagetanks_storagetanks24.png,25.74790615338796,0.7001506362169585,27.219989945532276,0.7407301823803452
storagetanks_storagetanks25.png,29.490817292601108,0.8489699241278258,31.094916735150065,0.8720033076072592
storagetanks_storagetanks26.png,27.148167559415658,0.8457893644693814,28.837226645708785,0.8699595654644178
storagetanks_storagetanks27.png,16.785591654036555,0.48834923685103987,17.954647104896264,0.5130914305467581
storagetanks_storagetanks28.png,21.07383420479485,0.6083019963273646,22.307023692105226,0.6429903811305008
storagetanks_storagetanks29.png,19.51505164088646,0.4533944444026348,20.802071852859754,0.4845538696454864
storagetanks_storagetanks30.png,18.68531162168245,0.5147362704750701,20.137149632866937,0.5470947858236117
storagetanks_storagetanks31.png,17.512988768918763,0.4674697352647934,18.80436260694756,0.5036749537720202
storagetanks_storagetanks32.png,17.62543883014909,0.49755647899555777,18.945700824392112,0.5383418384062805
storagetanks_storagetanks33.png,20.327320661175484,0.579943041555841,21.769524759878234,0.6209200285884636
storagetanks_storagetanks34.png,20.434372061059992,0.5808396243669758,21.958996374234427,0.6224113710222534
storagetanks_storagetanks35.png,21.262455600105664,0.5733249909210508,22.77832213369311,0.6143591553154514
storagetanks_storagetanks36.png,18.42134318659475,0.5194550429863752,19.696621154068808,0.5522060683138266
storagetanks_storagetanks37.png,19.648930204286437,0.5756476683577516,20.90986946000801,0.616009341051113
storagetanks_storagetanks38.png,19.806000158407414,0.5877069848740469,21.464503888839587,0.6318840373942288
storagetanks_storagetanks39.png,19.999696891229767,0.5930194087055004,21.167475575995034,0.626061308930275
storagetanks_storagetanks40.png,17.826438137810314,0.6111510059479687,19.077233850081914,0.6368306377464551
storagetanks_storagetanks41.png,16.347234317644702,0.5184465806047801,17.695198127180397,0.546426980545395
storagetanks_storagetanks42.png,16.66740131424389,0.5357596021502252,17.968672048880126,0.5636383178863862
storagetanks_storagetanks43.png,18.055404613705463,0.5287787381788486,19.269936163898528,0.5653924271096739
storagetanks_storagetanks44.png,21.63117909776494,0.5691992610894522,22.807991769671663,0.6092601615634293
storagetanks_storagetanks45.png,19.141534543380164,0.510286399419836,20.282883927620603,0.5446476155559179
storagetanks_storagetanks46.png,18.21008374791336,0.5241068131842382,19.633831906133995,0.5584101617349181
storagetanks_storagetanks47.png,20.79957311734725,0.5491744684043615,21.921257031409304,0.5850538149676272
storagetanks_storagetanks48.png,30.74426044490503,0.8129390467229115,32.639717116576826,0.846576877248901
storagetanks_storagetanks49.png,28.26266112358487,0.8014999242115001,29.746239092183437,0.8297838119752186
storagetanks_storagetanks50.png,27.25686134179909,0.801386734744877,28.77627638762165,0.8291972573679898
storagetanks_storagetanks51.png,30.600430844389393,0.7766783314032542,32.30056991797435,0.8127884089495473
storagetanks_storagetanks52.png,29.83509863219649,0.7995495562595036,31.408943215094638,0.8310653925052257
storagetanks_storagetanks53.png,30.18577046935752,0.7708746575744393,31.738962497220548,0.8068573043226949
storagetanks_storagetanks54.png,30.763864228724437,0.8210864510078086,32.50563142372376,0.8534276774827615
storagetanks_storagetanks55.png,29.23799551122994,0.7855970728918477,30.68208106442329,0.8184379903214528
storagetanks_storagetanks56.png,31.33093076596605,0.822109934875479,32.86211477305618,0.8526569288028885
storagetanks_storagetanks57.png,31.98683746512946,0.8258464742071717,33.662624108945934,0.8562062682939122
storagetanks_storagetanks58.png,27.713835514934893,0.8546117632028345,29.233429934659043,0.8709521116002897
storagetanks_storagetanks59.png,27.02995934552293,0.846294152112911,28.50198775363475,0.8616928625043658
storagetanks_storagetanks60.png,26.59727681258408,0.8369685092430489,28.245508099005324,0.8511885497250308
storagetanks_storagetanks61.png,30.363336485892795,0.8746396174401446,32.10714901848058,0.8972896349889472
storagetanks_storagetanks62.png,30.333336585899527,0.8926137607032252,32.370784948772126,0.910583272375809
storagetanks_storagetanks63.png,28.47740076608307,0.8496650966766118,30.28991835085003,0.8672046388021586
storagetanks_storagetanks64.png,26.471119989113294,0.803370306891467,28.360829605202063,0.8266298320780148
storagetanks_storagetanks65.png,27.520341669987303,0.8165602666770863,29.093492454572786,0.8342126512208666
storagetanks_storagetanks66.png,27.57192383333858,0.8230448984254234,29.379488673581967,0.8446315508887038
storagetanks_storagetanks67.png,29.66164484271349,0.8749505523555258,31.783370077367866,0.8962129324100285
storagetanks_storagetanks68.png,26.795806628810507,0.8352974184707026,28.558007859988784,0.8544679173911311
storagetanks_storagetanks69.png,27.507303673045683,0.8392955739330303,29.353344438927994,0.8600779392937313
storagetanks_storagetanks70.png,26.977008586853785,0.8286270041982835,28.92610968063716,0.8505435690853614
storagetanks_storagetanks71.png,29.828953155718057,0.7620037663001646,31.242743971056825,0.7878589985982123
storagetanks_storagetanks72.png,27.581411763542928,0.8413370347904702,28.928052953590043,0.8589086550558346
storagetanks_storagetanks73.png,35.01027695878101,0.902681323746556,36.79347000421447,0.9199927866963018
storagetanks_storagetanks74.png,33.81457655724106,0.8845175809036361,35.59760355771193,0.9035230275082369
storagetanks_storagetanks75.png,31.163162704260667,0.8379000025189437,32.58216417693687,0.8590708624625077
storagetanks_storagetanks76.png,33.86477326670238,0.8949313393268237,35.357834438646506,0.9130449943505575
storagetanks_storagetanks77.png,31.426759181591013,0.8675624288379066,32.930050594694,0.8867800224793815
storagetanks_storagetanks78.png,37.58195602592907,0.9159360713163229,39.26416165599518,0.9336803082120446
storagetanks_storagetanks79.png,35.32286434255485,0.9010933286892099,36.9027546854005,0.9189055145848027
storagetanks_storagetanks80.png,35.64218016142946,0.9097005046559806,37.18048172277929,0.9256213918216457
storagetanks_storagetanks81.png,37.796045348826,0.9330500329703243,39.507454560413834,0.9475381526460762
storagetanks_storagetanks82.png,27.315895289136435,0.7727662423039089,28.801244888254168,0.7974827447293413
storagetanks_storagetanks83.png,27.30593372407302,0.7419099824090686,28.67696630984003,0.7654267040446786
storagetanks_storagetanks84.png,27.63437641310446,0.7197764617930967,28.938574096282707,0.7476108384880779
storagetanks_storagetanks85.png,30.80033942060171,0.803712104565017,32.47947159292145,0.8393998280572261
storagetanks_storagetanks86.png,29.161181367066934,0.7191548600550896,30.596631918361386,0.765808598404918
storagetanks_storagetanks87.png,31.99430387945657,0.8657976105043557,33.284461096077585,0.8894658355035692
storagetanks_storagetanks88.png,25.6112008933182,0.7558013758717866,26.87854697325362,0.7805667246132214
storagetanks_storagetanks89.png,25.135097735040702,0.7294680023147345,26.37928508750173,0.7523051656376777
storagetanks_storagetanks90.png,24.125570130597534,0.7346307501628287,25.60849796018751,0.760219426235205
storagetanks_storagetanks91.png,21.949000461997613,0.6872693011334675,23.546893446670943,0.715808928418082
storagetanks_storagetanks92.png,26.06596551824302,0.7998123158600942,27.52993962871491,0.8224939738067728
storagetanks_storagetanks93.png,25.198949056215632,0.7361132875758415,26.623109963867563,0.7601323591728558
storagetanks_storagetanks94.png,23.495825260482825,0.6909435783270346,24.987398498195866,0.7168163601205221
storagetanks_storagetanks95.png,23.81632591636138,0.730264869104294,25.53440893158806,0.7614612231146046
storagetanks_storagetanks96.png,23.573095803140248,0.7058796103074193,25.260616781161538,0.7380435327193561
storagetanks_storagetanks97.png,23.126544238477944,0.6713183438133471,24.74039311638986,0.7008226683747526
storagetanks_storagetanks98.png,24.19251467360006,0.7037703212921288,25.715239849313175,0.7359914573279355
storagetanks_storagetanks99.png,24.273805220948926,0.716024536033189,25.886923705408343,0.7467990605318678
tenniscourt_tenniscourt00.png,29.99257671359096,0.8120871576671277,31.48453333387979,0.8352155460278768
tenniscourt_tenniscourt01.png,28.233314847435324,0.8350652720376948,29.968073673081843,0.8589017089703718
tenniscourt_tenniscourt02.png,23.77709695801216,0.6780536187254945,25.128776707863018,0.7046903635336949
tenniscourt_tenniscourt03.png,24.518234563210925,0.6468013756101244,25.961048238067853,0.6799686757397359
tenniscourt_tenniscourt04.png,24.685959913153027,0.6721765994321068,25.996206956300128,0.7023394188001307
tenniscourt_tenniscourt05.png,23.810304626213643,0.6079977528110456,25.27092968310848,0.6426312040621811
tenniscourt_tenniscourt06.png,23.255510070836948,0.5886977147646065,24.664818710027742,0.6265298376830679
tenniscourt_tenniscourt07.png,23.446581209284638,0.7249897771801573,25.100157467070126,0.7617882553161213
tenniscourt_tenniscourt08.png,25.635414133579303,0.7072894061053175,26.912157147482848,0.7352320177382092
tenniscourt_tenniscourt09.png,23.49500121017087,0.6638352083720372,24.771474480662103,0.6863355970785562
tenniscourt_tenniscourt10.png,24.937017291938584,0.6974340990641344,26.54739543396255,0.7376565351936364
tenniscourt_tenniscourt11.png,26.906785050063423,0.6044216619690326,28.290852714448313,0.637044685773263
tenniscourt_tenniscourt12.png,26.858821543392104,0.6231585596840086,28.271101978001326,0.6542330629909322
tenniscourt_tenniscourt13.png,25.611146484059304,0.5532712189056608,26.954707426471288,0.5738066654667044
tenniscourt_tenniscourt14.png,24.23361024616728,0.69980428656462,25.605171346258338,0.7143641978125619
tenniscourt_tenniscourt15.png,26.214014792531124,0.7557312129245847,27.547954977284018,0.7769373066629427
tenniscourt_tenniscourt16.png,27.771218790688433,0.7821366417162497,29.053352226416585,0.8028333678551168
tenniscourt_tenniscourt17.png,26.476271253920054,0.7826088203563302,28.032038436388852,0.8018519615966383
tenniscourt_tenniscourt18.png,28.39287938278708,0.7905180445466029,29.938430555403176,0.8118812201072256
tenniscourt_tenniscourt19.png,28.31899777711891,0.7905137310054275,29.942183700767735,0.8132730861434176
tenniscourt_tenniscourt20.png,21.418220657008604,0.6103959531393471,22.829331148037785,0.63745325681816
tenniscourt_tenniscourt21.png,22.896493838317618,0.6260493759618848,24.31400308222353,0.6530415324317235
tenniscourt_tenniscourt22.png,23.708941206062413,0.7048783303540537,25.361669469698434,0.7385227758647227
tenniscourt_tenniscourt23.png,31.922268410479873,0.8480617530276265,33.874206677575806,0.8731923868646083
tenniscourt_tenniscourt24.png,28.210386693686388,0.759508303420442,29.63821957197009,0.7807420338136949
tenniscourt_tenniscourt25.png,27.256197217573504,0.7409578987683471,28.405609510856724,0.7539316136898592
tenniscourt_tenniscourt26.png,26.024891428179973,0.7085586658500463,27.204739316373065,0.7179311132428589
tenniscourt_tenniscourt27.png,26.278525909903344,0.7150575732735156,27.498904963377406,0.7228317388405293
tenniscourt_tenniscourt28.png,22.8908889033029,0.6832817042218463,23.852965573905728,0.6929198368785031
tenniscourt_tenniscourt29.png,23.30568488519794,0.6644524578609169,24.30572444109558,0.6714930175884399
tenniscourt_tenniscourt30.png,26.165854917190124,0.715513535257381,27.510567261773442,0.7287116877640333
tenniscourt_tenniscourt31.png,24.647451681078962,0.7282027654075173,25.626384216663585,0.7440685768934839
tenniscourt_tenniscourt32.png,25.24208434497758,0.6888197423258527,26.10597607781331,0.6974605761497724
tenniscourt_tenniscourt33.png,25.978364621780948,0.7099285771606048,26.970417325148674,0.7195777636874416
tenniscourt_tenniscourt34.png,25.538426506321173,0.6995585922037494,26.697083783298524,0.7111285765711833
tenniscourt_tenniscourt35.png,25.74161558440139,0.7249905550618605,26.78471695271702,0.7391186538027696
tenniscourt_tenniscourt36.png,25.692250558331384,0.738809114512018,26.61770602588071,0.7408020930932248
tenniscourt_tenniscourt37.png,27.17015938325142,0.653398699250515,28.87189817617925,0.6934770345624924
tenniscourt_tenniscourt38.png,27.75319226625285,0.6627013572390433,29.19494416875102,0.6963941148285832
tenniscourt_tenniscourt39.png,25.646360729139822,0.7011298927896744,27.099289876660094,0.7215541478279601
tenniscourt_tenniscourt40.png,26.714516287605324,0.7218811847246861,27.986360136956012,0.7403138813174782
tenniscourt_tenniscourt41.png,25.296494455708274,0.7363853706153237,26.322021223260975,0.7460452635090725
tenniscourt_tenniscourt42.png,23.145157065302225,0.6511440369082977,24.36179745839256,0.6717508918818489
tenniscourt_tenniscourt43.png,24.109172937522455,0.6505580767112948,25.36214386109662,0.6776509066421483
tenniscourt_tenniscourt44.png,27.17364300497924,0.6569522510789244,28.750476460819428,0.6941346937802384
tenniscourt_tenniscourt45.png,26.16630511489219,0.758702040615917,27.336555115429743,0.7881036531431796
tenniscourt_tenniscourt46.png,25.45807164607032,0.7237382218073506,26.53565328094647,0.732409250426089
tenniscourt_tenniscourt47.png,31.22747799060611,0.8551776069651454,32.68231037832978,0.8713473268135792
tenniscourt_tenniscourt48.png,30.170539422554974,0.8114728448071626,31.49300313914022,0.8440649104220636
tenniscourt_tenniscourt49.png,26.949215925113382,0.8103016940411395,27.893905923481917,0.8235821753778744
tenniscourt_tenniscourt50.png,27.467047989060255,0.8285854631312565,28.757479597668173,0.8516461375706441
tenniscourt_tenniscourt51.png,30.664327580920666,0.8248091213457011,32.154061095260424,0.8468996297989994
tenniscourt_tenniscourt52.png,29.514046436360974,0.8170321841810857,30.998739719544442,0.8315637789201914
tenniscourt_tenniscourt53.png,30.310954635821084,0.8344244690926743,31.780479505583152,0.8589135429009147
tenniscourt_tenniscourt54.png,28.839111946835942,0.8066715487639495,30.117402624415682,0.821956961084872
tenniscourt_tenniscourt55.png,29.061232285663692,0.8096515524532327,30.338443300531658,0.8274050566391157
tenniscourt_tenniscourt56.png,28.594361978448855,0.8100862631956621,29.835105392686074,0.8298117911968962
tenniscourt_tenniscourt57.png,28.990070360357926,0.818097369384407,30.53511630450388,0.8319305336283652
tenniscourt_tenniscourt58.png,26.653591370182482,0.7950276956768091,27.649233234592113,0.8029817365486318
tenniscourt_tenniscourt59.png,28.55128392553555,0.8056203508904854,29.6996742762881,0.8087296266632886
tenniscourt_tenniscourt60.png,31.117221392408233,0.8489114274378263,32.91939895065473,0.8686142200342756
tenniscourt_tenniscourt61.png,28.15361390094717,0.7854955919968972,29.219313634741514,0.7949860229286067
tenniscourt_tenniscourt62.png,31.801113091019886,0.8479760680332259,33.158462417465756,0.8636176249989795
tenniscourt_tenniscourt63.png,30.390505251452904,0.8053330790092953,31.557302753281053,0.8123935208071247
tenniscourt_tenniscourt64.png,29.385142696739642,0.8368124806759174,30.57611034401855,0.8478460265521385
tenniscourt_tenniscourt65.png,27.922348872616325,0.8113853472087427,29.29727514575206,0.8238795102170303
tenniscourt_tenniscourt66.png,25.96208468633995,0.7994511749432002,26.92204773444388,0.8066774249067313
tenniscourt_tenniscourt67.png,27.869399658655087,0.8298455432288527,29.066757109813327,0.8432568518482961
tenniscourt_tenniscourt68.png,27.150445441080823,0.8147440814737775,28.1088710892044,0.8231062770283206
tenniscourt_tenniscourt69.png,27.17204990252654,0.7910349618170232,28.28843936280764,0.7993670899817772
tenniscourt_tenniscourt70.png,27.14465308162181,0.7986632471077714,28.357589864744416,0.8080450802124653
tenniscourt_tenniscourt71.png,25.69836122251705,0.7970414970469686,26.757958278381313,0.7999796199489697
tenniscourt_tenniscourt72.png,24.437657827932007,0.7890999292665065,25.38266199803359,0.7939158085751477
tenniscourt_tenniscourt73.png,25.91100910508249,0.8035453625826795,26.989256573459603,0.8077560462898251
tenniscourt_tenniscourt74.png,27.76405003185618,0.8253189357396643,29.09417467529295,0.8341166278211771
tenniscourt_tenniscourt75.png,24.2059863096614,0.7773690131960768,25.164349639260667,0.7763960816997483
tenniscourt_tenniscourt76.png,28.94625369077298,0.8169917804384897,30.258282256038548,0.8304699290869232
tenniscourt_tenniscourt77.png,26.9812206790214,0.8092543886811948,28.113100493112235,0.815080242960985
tenniscourt_tenniscourt78.png,26.594916109070365,0.8219291420434622,27.546676443356297,0.8311374073179173
tenniscourt_tenniscourt79.png,25.578738343302327,0.8163839950091504,26.551745394719767,0.8205442121672131
tenniscourt_tenniscourt80.png,23.705445984878104,0.5301663280737691,25.022329371247217,0.5607121150414164
tenniscourt_tenniscourt81.png,35.52935258935493,0.889537872335365,36.90756845338258,0.9069786179976503
tenniscourt_tenniscourt82.png,17.53160705122495,0.42142032380259686,18.863678337719158,0.4468146842949624
tenniscourt_tenniscourt83.png,19.03125622217343,0.48117569503387775,20.572199252294162,0.5133873530252071
tenniscourt_tenniscourt84.png,30.76561675010973,0.8141500122836235,32.34877079769334,0.8398356131354114
tenniscourt_tenniscourt85.png,31.982065537530655,0.7641691318451258,33.52903068765736,0.7940289435194345
tenniscourt_tenniscourt86.png,29.17697240223184,0.7659545758587633,30.80516772212564,0.7995638924475098
tenniscourt_tenniscourt87.png,29.402309763066746,0.7334519301160256,31.013208492323226,0.7631515654019605
tenniscourt_tenniscourt88.png,30.9886487528728,0.7636024754626124,32.590774674868065,0.7990250503866286
tenniscourt_tenniscourt89.png,31.58354714264425,0.7791514985189769,33.29294791525789,0.817220931075841
tenniscourt_tenniscourt90.png,27.324766097027254,0.7696409640211388,28.807065374285482,0.7886642426003307
tenniscourt_tenniscourt91.png,28.606422456314323,0.7720656884597422,30.090496652808984,0.793359280010971
tenniscourt_tenniscourt92.png,27.20719029204551,0.7433141942955505,28.761920275734063,0.7592461853931799
tenniscourt_tenniscourt93.png,28.389909229974116,0.8015117168991721,30.08201823680048,0.8187707613547942
tenniscourt_tenniscourt94.png,32.73013338575913,0.8716284525739568,34.72925756598836,0.8939581152456014
tenniscourt_tenniscourt95.png,28.645701282235517,0.8146912197316633,30.313028109877248,0.8362178228080307
tenniscourt_tenniscourt96.png,27.639619292379457,0.8342473486117976,29.454624572895916,0.8530180817974957
tenniscourt_tenniscourt97.png,26.00063111459467,0.8107290026859756,27.51319172624715,0.8243159753678888
tenniscourt_tenniscourt98.png,30.35518264986212,0.8329281925449274,32.05581054605687,0.8521437071824438
tenniscourt_tenniscourt99.png,30.894947276396852,0.8356179246337944,32.60991235845224,0.8563830968181889
